candidate_id,formula,surface,facet,source,fallback_used,dG_H,pred_dG_H
CrMo26B54|MoB2-Cr-B00|001,CrMo26B54,MoB2-Cr-B00,1,Catalysis-Hub,False,1.6269881549999354,-0.08540658226246467
CrMo26B54|MoB2-Cr-B00|001,CrMo26B54,MoB2-Cr-B00,1,Catalysis-Hub,False,-0.579474135000055,-0.08540658226246467
CrMo26B54|MoB2-Cr-B00|001,CrMo26B54,MoB2-Cr-B00,1,Catalysis-Hub,False,-0.4934330549999686,-0.08540658226246467
CrMo26B54|MoB2-Cr-B00|001,CrMo26B54,MoB2-Cr-B00,1,Catalysis-Hub,False,-0.4909276550000641,-0.08540658226246467
CrMo26B54|MoB2-Cr-B00|001,CrMo26B54,MoB2-Cr-B00,1,Catalysis-Hub,False,-0.5974980250000499,-0.08540658226246467
CrMo26B54|MoB2-Cr-B00|001,CrMo26B54,MoB2-Cr-B00,1,Catalysis-Hub,False,0.1651317249999238,-0.08540658226246467
CrMo26B54|MoB2-Cr-B00|001,CrMo26B54,MoB2-Cr-B00,1,Catalysis-Hub,False,1.4970359149999697,-0.08540658226246467
CrMo26B54|MoB2-Cr-B00|001,CrMo26B54,MoB2-Cr-B00,1,Catalysis-Hub,False,-0.4307993050000505,-0.08540658226246467
CrMo26B54|MoB2-Cr-B00|001,CrMo26B54,MoB2-Cr-B00,1,Catalysis-Hub,False,-0.3403536850000819,-0.08540658226246467
CrMo26B54|MoB2-Cr-B00|001,CrMo26B54,MoB2-Cr-B00,1,Catalysis-Hub,False,-0.394416415000137,-0.08540658226246467
CrMo26B54|MoB2-Cr-B00|001,CrMo26B54,MoB2-Cr-B00,1,Catalysis-Hub,False,-0.6017802650000021,-0.08540658226246467
CrMo26B54|MoB2-Cr-B00|001,CrMo26B54,MoB2-Cr-B00,1,Catalysis-Hub,False,-0.4325848050001468,-0.08540658226246467
Mo26TiB57|MoB2-Ti-B03|001,Mo26TiB57,MoB2-Ti-B03,1,Catalysis-Hub,False,0.5251319249999824,0.19224315118632146
Mo26TiB57|MoB2-Ti-B03|001,Mo26TiB57,MoB2-Ti-B03,1,Catalysis-Hub,False,0.4123398750000433,0.19224315118632146
Mo26TiB57|MoB2-Ti-B03|001,Mo26TiB57,MoB2-Ti-B03,1,Catalysis-Hub,False,0.4103582750000214,0.19224315118632146
Mo26TiB57|MoB2-Ti-B03|001,Mo26TiB57,MoB2-Ti-B03,1,Catalysis-Hub,False,1.48187060500004,0.19224315118632146
Mo26TiB57|MoB2-Ti-B03|001,Mo26TiB57,MoB2-Ti-B03,1,Catalysis-Hub,False,-0.258771784999908,0.19224315118632146
Mo26TiB57|MoB2-Ti-B03|001,Mo26TiB57,MoB2-Ti-B03,1,Catalysis-Hub,False,-0.2582504549999385,0.19224315118632146
Mo26TiB57|MoB2-Ti-B03|001,Mo26TiB57,MoB2-Ti-B03,1,Catalysis-Hub,False,-0.2575950550000243,0.19224315118632146
Mo26TiB57|MoB2-Ti-B03|001,Mo26TiB57,MoB2-Ti-B03,1,Catalysis-Hub,False,-0.4266013950000342,0.19224315118632146
Mo26TiB57|MoB2-Ti-B03|001,Mo26TiB57,MoB2-Ti-B03,1,Catalysis-Hub,False,0.4043656650000002,0.19224315118632146
Mo26TiB57|MoB2-Ti-B03|001,Mo26TiB57,MoB2-Ti-B03,1,Catalysis-Hub,False,1.623484005000023,0.19224315118632146
Mo26TiB57|MoB2-Ti-B03|001,Mo26TiB57,MoB2-Ti-B03,1,Catalysis-Hub,False,1.507411495000042,0.19224315118632146
Mo26TiB57|MoB2-Ti-B03|001,Mo26TiB57,MoB2-Ti-B03,1,Catalysis-Hub,False,0.4044562249999899,0.19224315118632146
Mo26TiB57|MoB2-Ti-B03|001,Mo26TiB57,MoB2-Ti-B03,1,Catalysis-Hub,False,-0.1440193850000923,0.19224315118632146
Mo26TiB57|MoB2-Ti-B03|001,Mo26TiB57,MoB2-Ti-B03,1,Catalysis-Hub,False,0.4034425050000436,0.19224315118632146
Mo26TiB57|MoB2-Ti-B03|001,Mo26TiB57,MoB2-Ti-B03,1,Catalysis-Hub,False,-0.1434830350000311,0.19224315118632146
Mo26TiB57|MoB2-Ti-B03|001,Mo26TiB57,MoB2-Ti-B03,1,Catalysis-Hub,False,-0.4267350849999047,0.19224315118632146
Mo26TiB57|MoB2-Ti-B03|001,Mo26TiB57,MoB2-Ti-B03,1,Catalysis-Hub,False,-0.2574708849999751,0.19224315118632146
Mo26VB57|MoB2-V-B03|001,Mo26VB57,MoB2-V-B03,1,Catalysis-Hub,False,-0.2749031049999075,0.30170689269835477
Mo26VB57|MoB2-V-B03|001,Mo26VB57,MoB2-V-B03,1,Catalysis-Hub,False,-0.2744886449999058,0.30170689269835477
Mo26VB57|MoB2-V-B03|001,Mo26VB57,MoB2-V-B03,1,Catalysis-Hub,False,0.3082002250000641,0.30170689269835477
Mo26VB57|MoB2-V-B03|001,Mo26VB57,MoB2-V-B03,1,Catalysis-Hub,False,-0.2759860549999757,0.30170689269835477
Mo26VB57|MoB2-V-B03|001,Mo26VB57,MoB2-V-B03,1,Catalysis-Hub,False,1.4997626850000645,0.30170689269835477
Mo26VB57|MoB2-V-B03|001,Mo26VB57,MoB2-V-B03,1,Catalysis-Hub,False,1.5475169250000818,0.30170689269835477
Mo26VB57|MoB2-V-B03|001,Mo26VB57,MoB2-V-B03,1,Catalysis-Hub,False,1.4998367650000546,0.30170689269835477
Mo26VB57|MoB2-V-B03|001,Mo26VB57,MoB2-V-B03,1,Catalysis-Hub,False,-0.4226705949998859,0.30170689269835477
Mo26VB57|MoB2-V-B03|001,Mo26VB57,MoB2-V-B03,1,Catalysis-Hub,False,0.308850085000131,0.30170689269835477
CrMo26B55|MoB2-Cr-B01|001,CrMo26B55,MoB2-Cr-B01,1,Catalysis-Hub,False,-0.4513648550000653,0.3054113654392812
CrMo26B55|MoB2-Cr-B01|001,CrMo26B55,MoB2-Cr-B01,1,Catalysis-Hub,False,-0.449118154999951,0.3054113654392812
CrMo26B55|MoB2-Cr-B01|001,CrMo26B55,MoB2-Cr-B01,1,Catalysis-Hub,False,-0.381947015000037,0.3054113654392812
CrMo26B55|MoB2-Cr-B01|001,CrMo26B55,MoB2-Cr-B01,1,Catalysis-Hub,False,-0.5883603549999634,0.3054113654392812
CrMo26B55|MoB2-Cr-B01|001,CrMo26B55,MoB2-Cr-B01,1,Catalysis-Hub,False,1.6289295249999896,0.3054113654392812
CrMo26B55|MoB2-Cr-B01|001,CrMo26B55,MoB2-Cr-B01,1,Catalysis-Hub,False,1.7026593049999974,0.3054113654392812
CrMo26B55|MoB2-Cr-B01|001,CrMo26B55,MoB2-Cr-B01,1,Catalysis-Hub,False,-0.5889193750000459,0.3054113654392812
CrMo26B55|MoB2-Cr-B01|001,CrMo26B55,MoB2-Cr-B01,1,Catalysis-Hub,False,0.4190828050000164,0.3054113654392812
HfMo26B57|MoB2-Hf-B03|001,HfMo26B57,MoB2-Hf-B03,1,Catalysis-Hub,False,1.9296409350000656,0.2633665735297804
HfMo26B57|MoB2-Hf-B03|001,HfMo26B57,MoB2-Hf-B03,1,Catalysis-Hub,False,1.4607597949999445,0.2633665735297804
HfMo26B57|MoB2-Hf-B03|001,HfMo26B57,MoB2-Hf-B03,1,Catalysis-Hub,False,0.444465785000034,0.2633665735297804
HfMo26B57|MoB2-Hf-B03|001,HfMo26B57,MoB2-Hf-B03,1,Catalysis-Hub,False,-0.2415614850000338,0.2633665735297804
HfMo26B57|MoB2-Hf-B03|001,HfMo26B57,MoB2-Hf-B03,1,Catalysis-Hub,False,-0.2407896850000952,0.2633665735297804
HfMo26B57|MoB2-Hf-B03|001,HfMo26B57,MoB2-Hf-B03,1,Catalysis-Hub,False,-0.2403831449998961,0.2633665735297804
HfMo26B57|MoB2-Hf-B03|001,HfMo26B57,MoB2-Hf-B03,1,Catalysis-Hub,False,-0.2417414650000182,0.2633665735297804
HfMo26B57|MoB2-Hf-B03|001,HfMo26B57,MoB2-Hf-B03,1,Catalysis-Hub,False,0.4050176549999378,0.2633665735297804
HfMo26B57|MoB2-Hf-B03|001,HfMo26B57,MoB2-Hf-B03,1,Catalysis-Hub,False,0.4056199350000042,0.2633665735297804
HfMo26B57|MoB2-Hf-B03|001,HfMo26B57,MoB2-Hf-B03,1,Catalysis-Hub,False,-0.1095708950000471,0.2633665735297804
HfMo26B57|MoB2-Hf-B03|001,HfMo26B57,MoB2-Hf-B03,1,Catalysis-Hub,False,-0.1082780549999142,0.2633665735297804
HfMo26B57|MoB2-Hf-B03|001,HfMo26B57,MoB2-Hf-B03,1,Catalysis-Hub,False,-0.1094203349999816,0.2633665735297804
HfMo26B57|MoB2-Hf-B03|001,HfMo26B57,MoB2-Hf-B03,1,Catalysis-Hub,False,-0.4254073050000215,0.2633665735297804
HfMo26B57|MoB2-Hf-B03|001,HfMo26B57,MoB2-Hf-B03,1,Catalysis-Hub,False,-0.1100346550000495,0.2633665735297804
Mo26WB56|MoB2-W-B02|001,Mo26WB56,MoB2-W-B02,1,Catalysis-Hub,False,1.545170344999974,1.024655440909957
Mo26WB56|MoB2-W-B02|001,Mo26WB56,MoB2-W-B02,1,Catalysis-Hub,False,0.3424078849998295,1.024655440909957
Mo26WB56|MoB2-W-B02|001,Mo26WB56,MoB2-W-B02,1,Catalysis-Hub,False,0.3418836750000764,1.024655440909957
Mo26WB56|MoB2-W-B02|001,Mo26WB56,MoB2-W-B02,1,Catalysis-Hub,False,1.5469803450000654,1.024655440909957
Mo26WB55|MoB2-W-B01|001,Mo26WB55,MoB2-W-B01,1,Catalysis-Hub,False,-0.3957035550000682,-0.2104432370474783
Mo26WB55|MoB2-W-B01|001,Mo26WB55,MoB2-W-B01,1,Catalysis-Hub,False,0.3950401850000844,-0.2104432370474783
Mo26WB55|MoB2-W-B01|001,Mo26WB55,MoB2-W-B01,1,Catalysis-Hub,False,-0.3762422549999655,-0.2104432370474783
Mo26WB55|MoB2-W-B01|001,Mo26WB55,MoB2-W-B01,1,Catalysis-Hub,False,-0.5870164049999858,-0.2104432370474783
Mo26WB55|MoB2-W-B01|001,Mo26WB55,MoB2-W-B01,1,Catalysis-Hub,False,-0.4126796550000335,-0.2104432370474783
HfMo26B55|MoB2-Hf-B01|001,HfMo26B55,MoB2-Hf-B01,1,Catalysis-Hub,False,-0.5407563550000987,-0.1994488893609699
HfMo26B55|MoB2-Hf-B01|001,HfMo26B55,MoB2-Hf-B01,1,Catalysis-Hub,False,-0.4777044150001757,-0.1994488893609699
HfMo26B55|MoB2-Hf-B01|001,HfMo26B55,MoB2-Hf-B01,1,Catalysis-Hub,False,-0.4763401850001401,-0.1994488893609699
HfMo26B55|MoB2-Hf-B01|001,HfMo26B55,MoB2-Hf-B01,1,Catalysis-Hub,False,-0.5413140750000593,-0.1994488893609699
HfMo26B55|MoB2-Hf-B01|001,HfMo26B55,MoB2-Hf-B01,1,Catalysis-Hub,False,-0.3344723450001083,-0.1994488893609699
HfMo26B55|MoB2-Hf-B01|001,HfMo26B55,MoB2-Hf-B01,1,Catalysis-Hub,False,1.5853955049998376,-0.1994488893609699
HfMo26B55|MoB2-Hf-B01|001,HfMo26B55,MoB2-Hf-B01,1,Catalysis-Hub,False,-0.3339437850002014,-0.1994488893609699
HfMo26B55|MoB2-Hf-B01|001,HfMo26B55,MoB2-Hf-B01,1,Catalysis-Hub,False,-0.5418324550001898,-0.1994488893609699
HfMo26B55|MoB2-Hf-B01|001,HfMo26B55,MoB2-Hf-B01,1,Catalysis-Hub,False,-0.4381141449999859,-0.1994488893609699
Mo26ZrB54|MoB2-Zr-B00|001,Mo26ZrB54,MoB2-Zr-B00,1,Catalysis-Hub,False,-0.6817636850000781,-0.5338097887486649
Mo26ZrB54|MoB2-Zr-B00|001,Mo26ZrB54,MoB2-Zr-B00,1,Catalysis-Hub,False,-0.6815830450000249,-0.5338097887486649
Mo26ZrB54|MoB2-Zr-B00|001,Mo26ZrB54,MoB2-Zr-B00,1,Catalysis-Hub,False,-0.6007934650000379,-0.5338097887486649
Mo26ZrB54|MoB2-Zr-B00|001,Mo26ZrB54,MoB2-Zr-B00,1,Catalysis-Hub,False,-0.7433029650001117,-0.5338097887486649
FeMo26B54|MoB2-Fe-B00|001,FeMo26B54,MoB2-Fe-B00,1,Catalysis-Hub,False,1.5890002249999498,-0.06018744082323142
FeMo26B54|MoB2-Fe-B00|001,FeMo26B54,MoB2-Fe-B00,1,Catalysis-Hub,False,1.3910458949999338,-0.06018744082323142
FeMo26B54|MoB2-Fe-B00|001,FeMo26B54,MoB2-Fe-B00,1,Catalysis-Hub,False,-0.2936905650000199,-0.06018744082323142
FeMo26B54|MoB2-Fe-B00|001,FeMo26B54,MoB2-Fe-B00,1,Catalysis-Hub,False,1.6714950849999468,-0.06018744082323142
FeMo26B54|MoB2-Fe-B00|001,FeMo26B54,MoB2-Fe-B00,1,Catalysis-Hub,False,-0.5559287550000818,-0.06018744082323142
FeMo26B54|MoB2-Fe-B00|001,FeMo26B54,MoB2-Fe-B00,1,Catalysis-Hub,False,-0.542537095000057,-0.06018744082323142
FeMo26B54|MoB2-Fe-B00|001,FeMo26B54,MoB2-Fe-B00,1,Catalysis-Hub,False,-0.4974790950001306,-0.06018744082323142
FeMo26B54|MoB2-Fe-B00|001,FeMo26B54,MoB2-Fe-B00,1,Catalysis-Hub,False,-0.556518715000152,-0.06018744082323142
FeMo26B54|MoB2-Fe-B00|001,FeMo26B54,MoB2-Fe-B00,1,Catalysis-Hub,False,-0.2941026750000901,-0.06018744082323142
FeMo26B54|MoB2-Fe-B00|001,FeMo26B54,MoB2-Fe-B00,1,Catalysis-Hub,False,-0.2940099150000606,-0.06018744082323142
FeMo26B54|MoB2-Fe-B00|001,FeMo26B54,MoB2-Fe-B00,1,Catalysis-Hub,False,-0.4956294850001086,-0.06018744082323142
FeMo26B54|MoB2-Fe-B00|001,FeMo26B54,MoB2-Fe-B00,1,Catalysis-Hub,False,-0.4816130650000332,-0.06018744082323142
FeMo26B54|MoB2-Fe-B00|001,FeMo26B54,MoB2-Fe-B00,1,Catalysis-Hub,False,-0.4954683850000947,-0.06018744082323142
FeMo26B54|MoB2-Fe-B00|001,FeMo26B54,MoB2-Fe-B00,1,Catalysis-Hub,False,-0.5569915650000894,-0.06018744082323142
FeMo26B54|MoB2-Fe-B00|001,FeMo26B54,MoB2-Fe-B00,1,Catalysis-Hub,False,-0.4970026949999919,-0.06018744082323142
Au9Bi3|Au3Bi|111,Au9Bi3,Au3Bi,111,Catalysis-Hub,False,0.3253033864430392,1.1738401279590156
FeMo26B55|MoB2-Fe-B01|001,FeMo26B55,MoB2-Fe-B01,1,Catalysis-Hub,False,-0.5891286750000972,0.11947096057350179
FeMo26B55|MoB2-Fe-B01|001,FeMo26B55,MoB2-Fe-B01,1,Catalysis-Hub,False,-0.4967911749999985,0.11947096057350179
FeMo26B55|MoB2-Fe-B01|001,FeMo26B55,MoB2-Fe-B01,1,Catalysis-Hub,False,0.1479720349998388,0.11947096057350179
FeMo26B55|MoB2-Fe-B01|001,FeMo26B55,MoB2-Fe-B01,1,Catalysis-Hub,False,-0.589381175000085,0.11947096057350179
FeMo26B55|MoB2-Fe-B01|001,FeMo26B55,MoB2-Fe-B01,1,Catalysis-Hub,False,1.5651218349999,0.11947096057350179
FeMo26B55|MoB2-Fe-B01|001,FeMo26B55,MoB2-Fe-B01,1,Catalysis-Hub,False,-0.5894389350000893,0.11947096057350179
FeMo26B55|MoB2-Fe-B01|001,FeMo26B55,MoB2-Fe-B01,1,Catalysis-Hub,False,1.4873982449998948,0.11947096057350179
Au9Bi3|Au3Bi|111,Au9Bi3,Au3Bi,111,Catalysis-Hub,False,0.3986965704398528,1.1738401279590156
Mo27B54|MoB2-Mo-B00|001,Mo27B54,MoB2-Mo-B00,1,Catalysis-Hub,False,-0.6576733749999448,-0.4968374118867813
Mo27B54|MoB2-Mo-B00|001,Mo27B54,MoB2-Mo-B00,1,Catalysis-Hub,False,-0.659038834999933,-0.4968374118867813
Mo27B54|MoB2-Mo-B00|001,Mo27B54,MoB2-Mo-B00,1,Catalysis-Hub,False,-0.6602540449999879,-0.4968374118867813
Mo26RuB53|MoB2-Ru-B-1|001,Mo26RuB53,MoB2-Ru-B-1,1,Catalysis-Hub,False,1.834762114999989,0.48619604443275977
Tc9B42|Tc-empty|001,Tc9B42,Tc-empty,1,Catalysis-Hub,False,-1.0643554850000214,-0.5630630206967735
Tc9B42F3|Tc-F|001,Tc9B42F3,Tc-F,1,Catalysis-Hub,False,-0.3972118449999584,-0.4768918960993256
Tc9B42H12|Tc-HoneML|001,Tc9B42H12,Tc-HoneML,1,Catalysis-Hub,False,-0.6267017150000243,-0.5177621692022469
Tc9B42H3|Tc-HquarterML|001,Tc9B42H3,Tc-HquarterML,1,Catalysis-Hub,False,-0.2752668649999918,-0.3674393105895757
Tc9B42C9H12N6|Tc-imidazole|001,Tc9B42C9H12N6,Tc-imidazole,1,Catalysis-Hub,False,-0.4155541349998657,-0.4352962228321536
Tc9B42C3H15N3|Tc-methylamine|001,Tc9B42C3H15N3,Tc-methylamine,1,Catalysis-Hub,False,-0.4555772449999153,-0.46657087980299883
Tc9B42H9N3|Tc-NH3|001,Tc9B42H9N3,Tc-NH3,1,Catalysis-Hub,False,-0.490349784999978,-0.47018143681156815
Tc9B42H9P3|Tc-PH3|001,Tc9B42H9P3,Tc-PH3,1,Catalysis-Hub,False,-0.502606515000025,-0.47373053020917516
Tc9B42C15H15N3|Tc-pyridine|001,Tc9B42C15H15N3,Tc-pyridine,1,Catalysis-Hub,False,-0.3827095350001173,-0.45350756866712494
Ti9B42C9H18O3|Ti-acetone|001,Ti9B42C9H18O3,Ti-acetone,1,Catalysis-Hub,False,-0.6743580649999785,-0.6999429972696342
Ti9B42Br3|Ti-Br|001,Ti9B42Br3,Ti-Br,1,Catalysis-Hub,False,-0.7315910549999103,-0.5515472012100763
Ti9B42Cl3|Ti-Cl|001,Ti9B42Cl3,Ti-Cl,1,Catalysis-Hub,False,-0.7466042449999577,-0.6924436675112668
Ti9B42C3O3|Ti-CO|001,Ti9B42C3O3,Ti-CO,1,Catalysis-Hub,False,-0.6194594149999944,-0.6518444528701559
Ti9B42C6H21N3|Ti-dimethylamine|001,Ti9B42C6H21N3,Ti-dimethylamine,1,Catalysis-Hub,False,-0.5053985650000641,-0.5703060904226274
Ti9B42|Ti-empty|001,Ti9B42,Ti-empty,1,Catalysis-Hub,False,-0.3401438349999921,-0.4511591200161763
Ti9B42F3|Ti-F|001,Ti9B42F3,Ti-F,1,Catalysis-Hub,False,-0.8005697549999695,-0.758919802508817
Ti9B42H12|Ti-HoneML|001,Ti9B42H12,Ti-HoneML,1,Catalysis-Hub,False,-1.0974976849999507,-0.8386861525128732
Ti9B42H3|Ti-HquarterML|001,Ti9B42H3,Ti-HquarterML,1,Catalysis-Hub,False,-0.7369189149999897,-0.6843729366788968
Ti9B42C9H12N6|Ti-imidazole|001,Ti9B42C9H12N6,Ti-imidazole,1,Catalysis-Hub,False,-0.67475356500006,-0.660754739134211
Ti9B42C3H15N3|Ti-methylamine|001,Ti9B42C3H15N3,Ti-methylamine,1,Catalysis-Hub,False,-0.5253727049999952,-0.5605307406884229
Ti9B42H9N3|Ti-NH3|001,Ti9B42H9N3,Ti-NH3,1,Catalysis-Hub,False,-0.5625755150000487,-0.7643815089092424
Ti9B42H9P3|Ti-PH3|001,Ti9B42H9P3,Ti-PH3,1,Catalysis-Hub,False,-0.5499107049999452,-0.6177471209676424
Bi3Pt9|Pt3Bi|111,Bi3Pt9,Pt3Bi,111,Catalysis-Hub,False,-0.1363411422562137,-0.03506542098232869
Ti9B42C15H15N3|Ti-pyridine|001,Ti9B42C15H15N3,Ti-pyridine,1,Catalysis-Hub,False,-0.742847525000002,-0.6614088260961504
V9B42C9H18O3|V-acetone|001,V9B42C9H18O3,V-acetone,1,Catalysis-Hub,False,-0.9069979250000416,-0.8012075726040979
V9B42Br3|V-Br|001,V9B42Br3,V-Br,1,Catalysis-Hub,False,-0.8790624250000292,-0.7594052219668601
V9B42Cl3|V-Cl|001,V9B42Cl3,V-Cl,1,Catalysis-Hub,False,-0.880281704999959,-0.8680268263141651
V9B42C3O3|V-CO|001,V9B42C3O3,V-CO,1,Catalysis-Hub,False,-0.8043955249999613,-0.8615138770118007
V9B42C6H21N3|V-dimethylamine|001,V9B42C6H21N3,V-dimethylamine,1,Catalysis-Hub,False,-0.8978575449999653,-0.7593795047854297
V9B42|V-empty|001,V9B42,V-empty,1,Catalysis-Hub,False,-1.0114959649999946,-0.7664663511907448
V9B42F3|V-F|001,V9B42F3,V-F,1,Catalysis-Hub,False,-0.881881544999942,-0.922639580318708
V9B42H12|V-HoneML|001,V9B42H12,V-HoneML,1,Catalysis-Hub,False,-1.147640664999983,-1.0468300163142936
V9B42H3|V-HquarterML|001,V9B42H3,V-HquarterML,1,Catalysis-Hub,False,-0.8957902150000336,-0.9754657724363411
V9B42C9H12N6|V-imidazole|001,V9B42C9H12N6,V-imidazole,1,Catalysis-Hub,False,-0.9189765750001015,-0.8485935991562705
Re6Ta6|ReTa|101,Re6Ta6,ReTa,101,Catalysis-Hub,False,0.3934620525406274,-0.4056914398862804
Hf3Hg9|Hg3Hf|111,Hf3Hg9,Hg3Hf,111,Catalysis-Hub,False,-0.1993945445564975,0.2647417493903241
In9Ir3|In3Ir|111,In9Ir3,In3Ir,111,Catalysis-Hub,False,0.7720075049410582,0.4024023392314774
Fe6La6|FeLa|101,Fe6La6,FeLa,101,Catalysis-Hub,False,0.6509032410404245,-0.5993856715990656
Ni6Ru6|NiRu|101,Ni6Ru6,NiRu,101,Catalysis-Hub,False,-0.3382966861599641,-0.8885125827161394
Co6Zn6|CoZn|101,Co6Zn6,CoZn,101,Catalysis-Hub,False,0.0982155444444572,0.006034946414165861
In6Nb6|InNb|101,In6Nb6,InNb,101,Catalysis-Hub,False,-0.5868456024608975,-0.8470802290852049
Ir6Ru6|IrRu|101,Ir6Ru6,IrRu,101,Catalysis-Hub,False,-0.2916324282586799,-0.3695151881075751
In9Ir3|In3Ir|111,In9Ir3,In3Ir,111,Catalysis-Hub,False,-0.19088608906074,0.4024023392314774
Au3Tl9|Tl3Au|111,Au3Tl9,Tl3Au,111,Catalysis-Hub,False,0.5369757075432346,0.9983672418803925
Co6Zn6|CoZn|101,Co6Zn6,CoZn,101,Catalysis-Hub,False,0.1396720877465043,0.006034946414165861
In6Nb6|InNb|101,In6Nb6,InNb,101,Catalysis-Hub,False,0.1224879627416442,-0.8470802290852049
Ir6Ru6|IrRu|101,Ir6Ru6,IrRu,101,Catalysis-Hub,False,-0.2182970684579857,-0.3695151881075751
Mo6Os6|MoOs|101,Mo6Os6,MoOs,101,Catalysis-Hub,False,-0.644105837257456,-0.6396378989111009
Cd6Pt6|CdPt|101,Cd6Pt6,CdPt,101,Catalysis-Hub,False,-0.2393981360573605,0.0910658071935037
Co6Zn6|CoZn|101,Co6Zn6,CoZn,101,Catalysis-Hub,False,0.1357694310436557,0.006034946414165861
Hf9Ta3|Hf3Ta|111,Hf9Ta3,Hf3Ta,111,Catalysis-Hub,False,-1.0044646972591806,-1.1231664631381304
In6Nb6|InNb|101,In6Nb6,InNb,101,Catalysis-Hub,False,1.2334069950384503,-0.8470802290852049
Mo6Os6|MoOs|101,Mo6Os6,MoOs,101,Catalysis-Hub,False,-0.5935375620565253,-0.6396378989111009
Re6Ti6|ReTi|101,Re6Ti6,ReTi,101,Catalysis-Hub,False,-0.7428005741594177,-0.9127128850348696
Hf9Ta3|Hf3Ta|111,Hf9Ta3,Hf3Ta,111,Catalysis-Hub,False,-1.0555910779575868,-1.1231664631381304
In6Nb6|InNb|101,In6Nb6,InNb,101,Catalysis-Hub,False,0.1226676939413948,-0.8470802290852049
Mo6Os6|MoOs|101,Mo6Os6,MoOs,101,Catalysis-Hub,False,-0.5141295737548432,-0.6396378989111009
Re6Ti6|ReTi|101,Re6Ti6,ReTi,101,Catalysis-Hub,False,-0.9373894522604758,-0.9127128850348696
Hf9Ta3|Hf3Ta|111,Hf9Ta3,Hf3Ta,111,Catalysis-Hub,False,-0.9323824216580476,-1.1231664631381304
Mo6Os6|MoOs|101,Mo6Os6,MoOs,101,Catalysis-Hub,False,-0.5033609407573465,-0.6396378989111009
Re6Ti6|ReTi|101,Re6Ti6,ReTi,101,Catalysis-Hub,False,0.7858868072408143,-0.9127128850348696
Cd3Cr9|Cr3Cd|111,Cd3Cr9,Cr3Cd,111,Catalysis-Hub,False,1.0688834306429555,0.28596346422122615
Hf9Ta3|Hf3Ta|111,Hf9Ta3,Hf3Ta,111,Catalysis-Hub,False,-0.9808126984598572,-1.1231664631381304
In6W6|InW|101,In6W6,InW,101,Catalysis-Hub,False,-0.5536571020556664,-0.3025359587206464
Ag9Fe3|Ag3Fe|111,Ag9Fe3,Ag3Fe,111,Catalysis-Hub,False,0.2814069343376388,0.4498630201622418
Ga9V3|Ga3V|111,Ga9V3,Ga3V,111,Catalysis-Hub,False,0.1086517903468404,0.5327942399208583
In6W6|InW|101,In6W6,InW,101,Catalysis-Hub,False,-0.1166498963566198,-0.3025359587206464
Co6Ir6|CoIr|101,Co6Ir6,CoIr,101,Catalysis-Hub,False,-0.2673627310641393,-0.8959515644549535
Cr6Mn6|CrMn|101,Cr6Mn6,CrMn,101,Catalysis-Hub,False,-2.2880062180583707,-1.4543047831779778
La6V6|LaV|101,La6V6,LaV,101,Catalysis-Hub,False,0.069056505742111,-1.0027637272646184
Ag6Pb6|AgPb|101,Ag6Pb6,AgPb,101,Catalysis-Hub,False,0.705889828642313,1.2709305553349692
In9Tl3|In3Tl|111,In9Tl3,In3Tl,111,Catalysis-Hub,False,0.6902797461416696,1.259909235518123
Os9Sc3|Os3Sc|111,Os9Sc3,Os3Sc,111,Catalysis-Hub,False,-0.3603769554565303,-0.608108951272752
Sn9Zr3|Sn3Zr|111,Sn9Zr3,Sn3Zr,111,Catalysis-Hub,False,0.8303315686398776,0.8680779246345173
Sn3Ti9|Ti3Sn|111,Sn3Ti9,Ti3Sn,111,Catalysis-Hub,False,-1.106412010757566,-1.297146961779616
La3V9|V3La|111,La3V9,V3La,111,Catalysis-Hub,False,-0.6446462553567187,-1.2865263981573494
Ir3Ni9|Ni3Ir|111,Ir3Ni9,Ni3Ir,111,Catalysis-Hub,False,-0.2826034189629069,-0.3005450476078337
V9Zn3|V3Zn|111,V9Zn3,V3Zn,111,Catalysis-Hub,False,-1.0494389921577465,-1.2749148531355252
Au3Mo9|Mo3Au|111,Au3Mo9,Mo3Au,111,Catalysis-Hub,False,-0.9530700122586212,-3.103644933428315
Cr6Fe6|CrFe|101,Cr6Fe6,CrFe,101,Catalysis-Hub,False,-0.6638087840537708,-0.2752734468401412
In6Y6|InY|101,In6Y6,InY,101,Catalysis-Hub,False,0.529445909342968,-0.5517359742696581
Cd3Zr9|Zr3Cd|111,Cd3Zr9,Zr3Cd,111,Catalysis-Hub,False,-1.0761065565593242,-1.5407385525265083
Nb3Y9|Y3Nb|111,Nb3Y9,Y3Nb,111,Catalysis-Hub,False,-0.9408620330586644,-1.0323455001973407
Ir3Pt9|Pt3Ir|111,Ir3Pt9,Pt3Ir,111,Catalysis-Hub,False,-0.1631835397556358,-0.1917364040489995
Cr6Fe6|CrFe|101,Cr6Fe6,CrFe,101,Catalysis-Hub,False,-0.6521508829600577,-0.2752734468401412
Cd3Zr9|Zr3Cd|111,Cd3Zr9,Zr3Cd,111,Catalysis-Hub,False,-1.0375345559577624,-1.5407385525265083
V9Zn3|V3Zn|111,V9Zn3,V3Zn,111,Catalysis-Hub,False,-1.065601193556148,-1.2749148531355252
La9Sc3|La3Sc|111,La9Sc3,La3Sc,111,Catalysis-Hub,False,-0.5979364183576479,-0.7245521483595444
Nb3Y9|Y3Nb|111,Nb3Y9,Y3Nb,111,Catalysis-Hub,False,-0.9829120566582504,-1.0323455001973407
Ir3Pt9|Pt3Ir|111,Ir3Pt9,Pt3Ir,111,Catalysis-Hub,False,-0.1384370990553804,-0.1917364040489995
Cr6Fe6|CrFe|101,Cr6Fe6,CrFe,101,Catalysis-Hub,False,-0.637119042358762,-0.2752734468401412
La9Sc3|La3Sc|111,La9Sc3,La3Sc,111,Catalysis-Hub,False,-0.7064336480570717,-0.7245521483595444
Nb3Y9|Y3Nb|111,Nb3Y9,Y3Nb,111,Catalysis-Hub,False,-0.9137388140579504,-1.0323455001973407
Ir3Pt9|Pt3Ir|111,Ir3Pt9,Pt3Ir,111,Catalysis-Hub,False,-0.2282772516618649,-0.1917364040489995
Cr6Fe6|CrFe|101,Cr6Fe6,CrFe,101,Catalysis-Hub,False,0.2433722225405574,-0.2752734468401412
Au6La6|AuLa|101,Au6La6,AuLa,101,Catalysis-Hub,False,0.3032218926428243,-1.9893034518390469
Al9Re3|Al3Re|111,Al9Re3,Al3Re,111,Catalysis-Hub,False,0.4524258560714145,0.6010084223181063
La9Sc3|La3Sc|111,La9Sc3,La3Sc,111,Catalysis-Hub,False,-0.7672402064553978,-0.7245521483595444
Ir3Pt9|Pt3Ir|111,Ir3Pt9,Pt3Ir,111,Catalysis-Hub,False,-0.2171253462574611,-0.1917364040489995
Au6La6|AuLa|101,Au6La6,AuLa,101,Catalysis-Hub,False,0.3158023957448961,-1.9893034518390469
Os6Zr6|OsZr|101,Os6Zr6,OsZr,101,Catalysis-Hub,False,-0.5655310615574933,-0.568591635745029
Al9Re3|Al3Re|111,Al9Re3,Al3Re,111,Catalysis-Hub,False,0.1318603797017488,0.6010084223181063
Cu9Ta3|Cu3Ta|111,Cu9Ta3,Cu3Ta,111,Catalysis-Hub,False,-0.0197331513618053,-0.2894737793873726
La9Sc3|La3Sc|111,La9Sc3,La3Sc,111,Catalysis-Hub,False,-0.7385606323577747,-0.7245521483595444
Au6La6|AuLa|101,Au6La6,AuLa,101,Catalysis-Hub,False,-0.4661164475573685,-1.9893034518390469
Os6Zr6|OsZr|101,Os6Zr6,OsZr,101,Catalysis-Hub,False,-0.3188813637598002,-0.568591635745029
Ir6Re6|IrRe|101,Ir6Re6,IrRe,101,Catalysis-Hub,False,-0.223491721560066,-0.33384719573270727
Cd6Sc6|CdSc|101,Cd6Sc6,CdSc,101,Catalysis-Hub,False,0.1810902630432167,-0.7926505521130793
Ir6Re6|IrRe|101,Ir6Re6,IrRe,101,Catalysis-Hub,False,-0.1879146059572747,-0.33384719573270727
Os6Zr6|OsZr|101,Os6Zr6,OsZr,101,Catalysis-Hub,False,-0.9844546699596036,-0.568591635745029
Cd6Sc6|CdSc|101,Cd6Sc6,CdSc,101,Catalysis-Hub,False,-0.7438924308580397,-0.7926505521130793
Cu9Os3|Cu3Os|111,Cu9Os3,Cu3Os,111,Catalysis-Hub,False,-0.0123749210533503,-1.0279723856487473
Ir6Re6|IrRe|101,Ir6Re6,IrRe,101,Catalysis-Hub,False,-0.3876562317591094,-0.33384719573270727
Os6Zr6|OsZr|101,Os6Zr6,OsZr,101,Catalysis-Hub,False,-0.4753069563584802,-0.568591635745029
Ag6Sn6|AgSn|101,Ag6Sn6,AgSn,101,Catalysis-Hub,False,0.8557279532479072,1.1489374967973034
Al3Sc9|Sc3Al|111,Al3Sc9,Sc3Al,111,Catalysis-Hub,False,-1.128020162556794,-1.2697135330520453
Mo3Pd9|Pd3Mo|111,Mo3Pd9,Pd3Mo,111,Catalysis-Hub,False,-0.0697997847591693,-0.12454645143620671
Ag6Sn6|AgSn|101,Ag6Sn6,AgSn,101,Catalysis-Hub,False,0.9479022983441894,1.1489374967973034
Nb6Ni6|NbNi|101,Nb6Ni6,NbNi,101,Catalysis-Hub,False,-0.6615400348591436,-1.4279570868420077
Mo3Pd9|Pd3Mo|111,Mo3Pd9,Pd3Mo,111,Catalysis-Hub,False,-0.2756136307607164,-0.12454645143620671
Ag9Ga3|Ag3Ga|111,Ag9Ga3,Ag3Ga,111,Catalysis-Hub,False,0.419473822644278,0.5862233557102259
Ag3Re9|Re3Ag|111,Ag3Re9,Re3Ag,111,Catalysis-Hub,False,-0.2897540263574854,-0.5372870385003401
Ag9Ga3|Ag3Ga|111,Ag9Ga3,Ag3Ga,111,Catalysis-Hub,False,0.3677878398457608,0.5862233557102259
Ag3Re9|Re3Ag|111,Ag3Re9,Re3Ag,111,Catalysis-Hub,False,-0.6690813977611185,-0.5372870385003401
Ag9Ga3|Ag3Ga|111,Ag9Ga3,Ag3Ga,111,Catalysis-Hub,False,0.4903824712464768,0.5862233557102259
Cu3Nb9|Nb3Cu|111,Cu3Nb9,Nb3Cu,111,Catalysis-Hub,False,-1.026397208660427,-1.0665205534652618
Ag9Ga3|Ag3Ga|111,Ag9Ga3,Ag3Ga,111,Catalysis-Hub,False,0.4819038121432015,0.5862233557102259
La9Zr3|La3Zr|111,La9Zr3,La3Zr,111,Catalysis-Hub,False,-0.5370486339588467,-0.7744704281974901
Hf3W9|W3Hf|111,Hf3W9,W3Hf,111,Catalysis-Hub,False,-0.5591211479577112,-0.7665718188333395
Cu3Nb9|Nb3Cu|111,Cu3Nb9,Nb3Cu,111,Catalysis-Hub,False,-0.5847835238591585,-1.0665205534652618
La9Zr3|La3Zr|111,La9Zr3,La3Zr,111,Catalysis-Hub,False,-0.6985364963574909,-0.7744704281974901
Hf3W9|W3Hf|111,Hf3W9,W3Hf,111,Catalysis-Hub,False,-0.8350277092567637,-0.7665718188333395
In9W3|In3W|111,In9W3,In3W,111,Catalysis-Hub,False,1.2156300701399516,0.6527504459008319
Ti3Y9|Y3Ti|111,Ti3Y9,Y3Ti,111,Catalysis-Hub,False,-0.1213203222568779,-1.1566204515919076
Pt3Ta9|Ta3Pt|111,Pt3Ta9,Ta3Pt,111,Catalysis-Hub,False,-1.0345770866578905,-0.9662255445757918
La9Zr3|La3Zr|111,La9Zr3,La3Zr,111,Catalysis-Hub,False,-0.7731235797573106,-0.7744704281974901
In9W3|In3W|111,In9W3,In3W,111,Catalysis-Hub,False,0.7793585241425092,0.6527504459008319
Sc6Zn6|ScZn|101,Sc6Zn6,ScZn,101,Catalysis-Hub,False,-0.1515875445611243,-0.7834239339618733
Cr9Ti3|Cr3Ti|111,Cr9Ti3,Cr3Ti,111,Catalysis-Hub,False,0.3331447549435609,-0.9876658375540238
Pt3Ta9|Ta3Pt|111,Pt3Ta9,Ta3Pt,111,Catalysis-Hub,False,-0.984730049257422,-0.9662255445757918
La9Zr3|La3Zr|111,La9Zr3,La3Zr,111,Catalysis-Hub,False,-0.7775393071596852,-0.7744704281974901
Sc6Zn6|ScZn|101,Sc6Zn6,ScZn,101,Catalysis-Hub,False,-0.7132581270625167,-0.7834239339618733
Nb6Ni6|NbNi|101,Nb6Ni6,NbNi,101,Catalysis-Hub,False,-0.4809318215547762,-1.4279570868420077
Nb6Pd6|NbPd|101,Nb6Pd6,NbPd,101,Catalysis-Hub,False,-0.6175227642588368,-1.4424019389538507
Nb6Pd6|NbPd|101,Nb6Pd6,NbPd,101,Catalysis-Hub,False,-0.2887058439582404,-1.4424019389538507
Pt3Ta9|Ta3Pt|111,Pt3Ta9,Ta3Pt,111,Catalysis-Hub,False,-0.5459301575565121,-0.9662255445757918
Sc9Sn3|Sc3Sn|111,Sc9Sn3,Sc3Sn,111,Catalysis-Hub,False,-1.165852421657263,-1.3690133675879403
Ir3Zn9|Zn3Ir|111,Ir3Zn9,Zn3Ir,111,Catalysis-Hub,False,-0.3938884549561123,0.02536325236104593
Sc6Zn6|ScZn|101,Sc6Zn6,ScZn,101,Catalysis-Hub,False,0.4369579531421834,-0.7834239339618733
Al6Ir6|AlIr|101,Al6Ir6,AlIr,101,Catalysis-Hub,False,-0.1758566975576911,-0.9284849004142522
Nb6Pd6|NbPd|101,Nb6Pd6,NbPd,101,Catalysis-Hub,False,-0.2637535491585083,-1.4424019389538507
Os6Re6|OsRe|101,Os6Re6,OsRe,101,Catalysis-Hub,False,-0.4547781441569611,-0.5133832872383317
Sc9Sn3|Sc3Sn|111,Sc9Sn3,Sc3Sn,111,Catalysis-Hub,False,-1.1436235781575022,-1.3690133675879403
Ga3Os9|Os3Ga|111,Ga3Os9,Os3Ga,111,Catalysis-Hub,False,-0.3016522040552161,-0.39643950496453
Cr3Ti9|Ti3Cr|111,Cr3Ti9,Ti3Cr,111,Catalysis-Hub,False,-0.8710890515567087,-1.042596100818513
Mn6Mo6|MnMo|101,Mn6Mo6,MnMo,101,Catalysis-Hub,False,-0.6364461047587326,-1.4702171983761851
Co6Zr6|CoZr|101,Co6Zr6,CoZr,101,Catalysis-Hub,False,-0.6983764933602004,-0.7317369267602737
Ir6V6|IrV|101,Ir6V6,IrV,101,Catalysis-Hub,False,-0.684479775659355,-0.798009707646742
Re9Ti3|Re3Ti|111,Re9Ti3,Re3Ti,111,Catalysis-Hub,False,-0.5027220173569447,-0.61928742827446
Re3Y9|Y3Re|111,Re3Y9,Y3Re,111,Catalysis-Hub,False,-1.0451444915588295,-0.9040852084605515
Cr3La9|La3Cr|111,Cr3La9,La3Cr,111,Catalysis-Hub,False,-0.7116176887566041,-1.0259553953460008
Co6Zr6|CoZr|101,Co6Zr6,CoZr,101,Catalysis-Hub,False,-0.2059556173580574,-0.7317369267602737
Ir6V6|IrV|101,Ir6V6,IrV,101,Catalysis-Hub,False,-0.5488929330594772,-0.798009707646742
Cd6Ti6|CdTi|101,Cd6Ti6,CdTi,101,Catalysis-Hub,False,0.0752133534415691,-0.5548001341424625
Re9Ti3|Re3Ti|111,Re9Ti3,Re3Ti,111,Catalysis-Hub,False,-0.661897728458797,-0.61928742827446
Re3Y9|Y3Re|111,Re3Y9,Y3Re,111,Catalysis-Hub,False,-0.7685834963585592,-0.9040852084605515
Co6Zr6|CoZr|101,Co6Zr6,CoZr,101,Catalysis-Hub,False,0.3251274649419713,-0.7317369267602737
Cd6Ti6|CdTi|101,Cd6Ti6,CdTi,101,Catalysis-Hub,False,0.0632018404403709,-0.5548001341424625
Re9Ti3|Re3Ti|111,Re9Ti3,Re3Ti,111,Catalysis-Hub,False,-0.7055775778598843,-0.61928742827446
Re3Y9|Y3Re|111,Re3Y9,Y3Re,111,Catalysis-Hub,False,-0.7954277986600289,-0.9040852084605515
Nb3Pb9|Pb3Nb|111,Nb3Pb9,Pb3Nb,111,Catalysis-Hub,False,1.1879166362423632,0.8180247931966409
Ir3Ti9|Ti3Ir|111,Ir3Ti9,Ti3Ir,111,Catalysis-Hub,False,-1.058097790558321,-0.8625403337148562
Os9Pt3|Os3Pt|111,Os9Pt3,Os3Pt,111,Catalysis-Hub,False,-0.1377377665621395,-0.25736921652742184
Re9Ti3|Re3Ti|111,Re9Ti3,Re3Ti,111,Catalysis-Hub,False,-0.6353606426591512,-0.61928742827446
Nb3Pb9|Pb3Nb|111,Nb3Pb9,Pb3Nb,111,Catalysis-Hub,False,0.860340554941132,0.8180247931966409
Ir3Ti9|Ti3Ir|111,Ir3Ti9,Ti3Ir,111,Catalysis-Hub,False,-1.0285699016594378,-0.8625403337148562
Os9Pt3|Os3Pt|111,Os9Pt3,Os3Pt,111,Catalysis-Hub,False,-0.0377462711612395,-0.25736921652742184
Ir3Ti9|Ti3Ir|111,Ir3Ti9,Ti3Ir,111,Catalysis-Hub,False,-0.6433602453607534,-0.8625403337148562
Cd6Ti6|CdTi|101,Cd6Ti6,CdTi,101,Catalysis-Hub,False,-0.7743505410571458,-0.5548001341424625
Tl6W6|TlW|101,Tl6W6,TlW,101,Catalysis-Hub,False,-0.0685220742588796,-0.1902209292076527
Ir3Ti9|Ti3Ir|111,Ir3Ti9,Ti3Ir,111,Catalysis-Hub,False,-0.7115387758594522,-0.8625403337148562
Ag9Cr3|Ag3Cr|111,Ag9Cr3,Ag3Cr,111,Catalysis-Hub,False,0.2874319429402305,0.3107250080689053
Cr6Zr6|CrZr|101,Cr6Zr6,CrZr,101,Catalysis-Hub,False,-0.959658568556705,-1.781871176488265
Ag9Cr3|Ag3Cr|111,Ag9Cr3,Ag3Cr,111,Catalysis-Hub,False,0.7583209951417587,0.3107250080689053
Ni9Tl3|Ni3Tl|111,Ni9Tl3,Ni3Tl,111,Catalysis-Hub,False,-0.4727692227597515,-0.45712429151831885
Cr6Zr6|CrZr|101,Cr6Zr6,CrZr,101,Catalysis-Hub,False,-0.249322671958879,-1.781871176488265
Ga6La6|GaLa|101,Ga6La6,GaLa,101,Catalysis-Hub,False,-0.3049397473577926,-0.25447093275912136
Ag9Cr3|Ag3Cr|111,Ag9Cr3,Ag3Cr,111,Catalysis-Hub,False,-0.2434012027578944,0.3107250080689053
Cr6Zr6|CrZr|101,Cr6Zr6,CrZr,101,Catalysis-Hub,False,0.6147307402434592,-1.781871176488265
Ga6La6|GaLa|101,Ga6La6,GaLa,101,Catalysis-Hub,False,-0.4901132145596136,-0.25447093275912136
Au3Ti9|Ti3Au|111,Au3Ti9,Ti3Au,111,Catalysis-Hub,False,-1.1019900248565762,-1.2752007640780634
Ga3Ti9|Ti3Ga|111,Ga3Ti9,Ti3Ga,111,Catalysis-Hub,False,-1.087552752959681,-1.252728243165823
Re9Ru3|Re3Ru|111,Re9Ru3,Re3Ru,111,Catalysis-Hub,False,-0.5605346432557496,-0.5106947505468777
Cd3Hf9|Hf3Cd|111,Cd3Hf9,Hf3Cd,111,Catalysis-Hub,False,-1.0935788499582202,-1.5364112018183966
Hg3La9|La3Hg|111,Hg3La9,La3Hg,111,Catalysis-Hub,False,-0.7385569588577425,-0.563795061666976
Re9Ru3|Re3Ru|111,Re9Ru3,Re3Ru,111,Catalysis-Hub,False,-0.5186176833585421,-0.5106947505468777
Hg3La9|La3Hg|111,Hg3La9,La3Hg,111,Catalysis-Hub,False,-0.6892232641575617,-0.563795061666976
Hg9Tc3|Hg3Tc|111,Hg9Tc3,Hg3Tc,111,Catalysis-Hub,False,1.4048085087424909,1.3447073732271586
Re9Ru3|Re3Ru|111,Re9Ru3,Re3Ru,111,Catalysis-Hub,False,-0.4779957131567869,-0.5106947505468777
Ni3Ta9|Ta3Ni|111,Ni3Ta9,Ta3Ni,111,Catalysis-Hub,False,-1.0005866668570604,-1.2118151737278238
Hg9Tc3|Hg3Tc|111,Hg9Tc3,Hg3Tc,111,Catalysis-Hub,False,1.423501368940407,1.3447073732271586
Hg9In3|Hg3In|111,Hg9In3,Hg3In,111,Catalysis-Hub,False,1.4280500238428715,1.4621551316304626
Hg9In3|Hg3In|111,Hg9In3,Hg3In,111,Catalysis-Hub,False,1.48502930104317,1.4621551316304626
In6Mo6|InMo|101,In6Mo6,InMo,101,Catalysis-Hub,False,-0.3793102281588005,-0.13045181850167595
Ir3Mo9|Mo3Ir|111,Ir3Mo9,Mo3Ir,111,Catalysis-Hub,False,-0.8022590806567393,-0.9448799553424244
Au9Ti3|Au3Ti|111,Au9Ti3,Au3Ti,111,Catalysis-Hub,False,0.4021065650422599,-0.08657260926250421
Mo9Pd3|Mo3Pd|111,Mo9Pd3,Mo3Pd,111,Catalysis-Hub,False,-0.9337080241557204,-1.0438669445161517
Hg9Ti3|Hg3Ti|111,Hg9Ti3,Hg3Ti,111,Catalysis-Hub,False,1.2459700828412963,0.7704747763646793
Cd9Rh3|Cd3Rh|111,Cd9Rh3,Cd3Rh,111,Catalysis-Hub,False,0.7011327344416998,1.081756467754205
Mo9Pd3|Mo3Pd|111,Mo9Pd3,Mo3Pd,111,Catalysis-Hub,False,-0.8943591386587002,-1.0438669445161517
In3Pd9|Pd3In|111,In3Pd9,Pd3In,111,Catalysis-Hub,False,-0.2625199209569189,0.10019219725054782
Hg9Ti3|Hg3Ti|111,Hg9Ti3,Hg3Ti,111,Catalysis-Hub,False,1.4731903082402198,0.7704747763646793
Hg9Ti3|Hg3Ti|111,Hg9Ti3,Hg3Ti,111,Catalysis-Hub,False,0.0201403697401758,0.7704747763646793
Pb9Sc3|Pb3Sc|111,Pb9Sc3,Pb3Sc,111,Catalysis-Hub,False,0.9313263477424982,0.6845687093075845
Rh3Tc9|Tc3Rh|111,Rh3Tc9,Tc3Rh,111,Catalysis-Hub,False,-0.6999317599574795,-1.3255357930203173
Mo9Pd3|Mo3Pd|111,Mo9Pd3,Mo3Pd,111,Catalysis-Hub,False,-0.5336674834570374,-1.0438669445161517
Ir9Y3|Ir3Y|111,Ir9Y3,Ir3Y,111,Catalysis-Hub,False,-0.3709064004569598,-0.7735980279738227
Ag9Re3|Ag3Re|111,Ag9Re3,Ag3Re,111,Catalysis-Hub,False,-0.5553657049522087,-0.6184556490061779
Pb9Sc3|Pb3Sc|111,Pb9Sc3,Pb3Sc,111,Catalysis-Hub,False,0.2283633756424308,0.6845687093075845
Mo9Zr3|Mo3Zr|111,Mo9Zr3,Mo3Zr,111,Catalysis-Hub,False,-0.523143072557076,-1.0317651174088895
Ir9Pt3|Ir3Pt|111,Ir9Pt3,Ir3Pt,111,Catalysis-Hub,False,-0.2397498432573854,0.12407383587113649
Ir9Y3|Ir3Y|111,Ir9Y3,Ir3Y,111,Catalysis-Hub,False,-0.5597547650567947,-0.7735980279738227
In6Mo6|InMo|101,In6Mo6,InMo,101,Catalysis-Hub,False,0.8483372053424603,-0.13045181850167595
Ga6Mo6|GaMo|101,Ga6Mo6,GaMo,101,Catalysis-Hub,False,-0.3720148561614849,-0.8305895101437881
Al6Mn6|AlMn|101,Al6Mn6,AlMn,101,Catalysis-Hub,False,-0.0611850687591584,0.17599869058482032
Rh6W6|RhW|101,Rh6W6,RhW,101,Catalysis-Hub,False,-0.6187916310582011,-0.893220996464116
Al6Ta6|AlTa|101,Al6Ta6,AlTa,101,Catalysis-Hub,False,-0.6545292938580758,-1.9443144108425212
Cu6Zn6|CuZn|101,Cu6Zn6,CuZn,101,Catalysis-Hub,False,0.1591721735394742,0.8892239703576827
Ta6Tl6|TaTl|101,Ta6Tl6,TaTl,101,Catalysis-Hub,False,-0.6807001144579488,-0.8648173611725543
Al6Mn6|AlMn|101,Al6Mn6,AlMn,101,Catalysis-Hub,False,-0.4175079362603071,0.17599869058482032
Rh6W6|RhW|101,Rh6W6,RhW,101,Catalysis-Hub,False,-0.6240996196601998,-0.893220996464116
Os6Zn6|OsZn|101,Os6Zn6,OsZn,101,Catalysis-Hub,False,-0.3316010530533901,-0.7638528972897074
Cu6Zn6|CuZn|101,Cu6Zn6,CuZn,101,Catalysis-Hub,False,0.3148079557368248,0.8892239703576827
Ta6Tl6|TaTl|101,Ta6Tl6,TaTl,101,Catalysis-Hub,False,-0.1108341434582769,-0.8648173611725543
Cr6Os6|CrOs|101,Cr6Os6,CrOs,101,Catalysis-Hub,False,-0.6082439544579472,-0.781245902462211
Cu9Rh3|Cu3Rh|111,Cu9Rh3,Cu3Rh,111,Catalysis-Hub,False,-0.0906133640591804,0.009914359656157348
Cd3Zn9|Zn3Cd|111,Cd3Zn9,Zn3Cd,111,Catalysis-Hub,False,0.615551707743208,0.9951111367000653
Cu9Pd3|Cu3Pd|111,Cu9Pd3,Cu3Pd,111,Catalysis-Hub,False,-0.0395679372586244,0.07495284480778941
Ta9V3|Ta3V|111,Ta9V3,Ta3V,111,Catalysis-Hub,False,-0.9323213320594448,-1.1294393409038321
Ag9Ru3|Ag3Ru|111,Ag9Ru3,Ag3Ru,111,Catalysis-Hub,False,0.3304660662406888,-0.005342302791354111
Cu9Rh3|Cu3Rh|111,Cu9Rh3,Cu3Rh,111,Catalysis-Hub,False,0.2848067247405481,0.009914359656157348
Cd3Zn9|Zn3Cd|111,Cd3Zn9,Zn3Cd,111,Catalysis-Hub,False,0.5627647523442931,0.9951111367000653
Cu9Pd3|Cu3Pd|111,Cu9Pd3,Cu3Pd,111,Catalysis-Hub,False,0.2408792516444293,0.07495284480778941
Ta9V3|Ta3V|111,Ta9V3,Ta3V,111,Catalysis-Hub,False,-1.0705701283577298,-1.1294393409038321
Ag9Ru3|Ag3Ru|111,Ag9Ru3,Ag3Ru,111,Catalysis-Hub,False,0.745491235743458,-0.005342302791354111
Cu9Rh3|Cu3Rh|111,Cu9Rh3,Cu3Rh,111,Catalysis-Hub,False,-0.2540024857580363,0.009914359656157348
Cu9Pd3|Cu3Pd|111,Cu9Pd3,Cu3Pd,111,Catalysis-Hub,False,-0.0085721301574892,0.07495284480778941
Ag9Ru3|Ag3Ru|111,Ag9Ru3,Ag3Ru,111,Catalysis-Hub,False,-0.3363524328587743,-0.005342302791354111
Co9Ta3|Co3Ta|111,Co9Ta3,Co3Ta,111,Catalysis-Hub,False,-0.5856761932581946,-1.7228278602244387
Cd3Hg9|Hg3Cd|111,Cd3Hg9,Hg3Cd,111,Catalysis-Hub,False,1.5976516406454095,1.7244606909518805
Ir9Ti3|Ir3Ti|111,Ir9Ti3,Ir3Ti,111,Catalysis-Hub,False,-0.2851743504570265,-0.5518982226848883
Rh9Sn3|Rh3Sn|111,Rh9Sn3,Rh3Sn,111,Catalysis-Hub,False,-0.3567759370589272,-0.06200370662383636
La9Ta3|La3Ta|111,La9Ta3,La3Ta,111,Catalysis-Hub,False,-0.4770272600571559,-0.8614058186036002
Cu9Rh3|Cu3Rh|111,Cu9Rh3,Cu3Rh,111,Catalysis-Hub,False,-0.3278170380644667,0.009914359656157348
Cu9Pd3|Cu3Pd|111,Cu9Pd3,Cu3Pd,111,Catalysis-Hub,False,-0.0551279507553488,0.07495284480778941
Ag9Ru3|Ag3Ru|111,Ag9Ru3,Ag3Ru,111,Catalysis-Hub,False,-0.3949160929541619,-0.005342302791354111
Mo3Y9|Y3Mo|111,Mo3Y9,Y3Mo,111,Catalysis-Hub,False,-1.0205652648573675,-1.2666909849598744
Ir9Ti3|Ir3Ti|111,Ir9Ti3,Ir3Ti,111,Catalysis-Hub,False,-0.3612983329576025,-0.5518982226848883
La9Ta3|La3Ta|111,La9Ta3,La3Ta,111,Catalysis-Hub,False,-0.6721855363602742,-0.8614058186036002
Ta9V3|Ta3V|111,Ta9V3,Ta3V,111,Catalysis-Hub,False,-0.962659576059167,-1.1294393409038321
Ir9Ti3|Ir3Ti|111,Ir9Ti3,Ir3Ti,111,Catalysis-Hub,False,-0.5300880979584406,-0.5518982226848883
Al6Mn6|AlMn|101,Al6Mn6,AlMn,101,Catalysis-Hub,False,0.7659871222431605,0.17599869058482032
La9Ta3|La3Ta|111,La9Ta3,La3Ta,111,Catalysis-Hub,False,-0.7941087268581839,-0.8614058186036002
Ta9V3|Ta3V|111,Ta9V3,Ta3V,111,Catalysis-Hub,False,-0.9982464878584948,-1.1294393409038321
Ir9Ti3|Ir3Ti|111,Ir9Ti3,Ir3Ti,111,Catalysis-Hub,False,-0.3934510319586195,-0.5518982226848883
Ir9Mn3|Ir3Mn|111,Ir9Mn3,Ir3Mn,111,Catalysis-Hub,False,-0.2550743422570747,-0.3401207136883436
Al3Pb9|Pb3Al|111,Al3Pb9,Pb3Al,111,Catalysis-Hub,False,0.8612518641394047,1.2767245894046237
La9Ta3|La3Ta|111,La9Ta3,La3Ta,111,Catalysis-Hub,False,-0.8123674293592273,-0.8614058186036002
Al9Nb3|Al3Nb|111,Al9Nb3,Al3Nb,111,Catalysis-Hub,False,0.4080191905814274,0.587751260239421
Ir9Mn3|Ir3Mn|111,Ir9Mn3,Ir3Mn,111,Catalysis-Hub,False,-0.2265359952570804,-0.3401207136883436
Al3Pb9|Pb3Al|111,Al3Pb9,Pb3Al,111,Catalysis-Hub,False,0.922246045041021,1.2767245894046237
Ag9Rh3|Ag3Rh|111,Ag9Rh3,Ag3Rh,111,Catalysis-Hub,False,-0.1380945077534932,-0.1511390169209851
Fe6Hg6|FeHg|101,Fe6Hg6,FeHg,101,Catalysis-Hub,False,-0.2929968070556867,1.6374462445363769
Fe6Hg6|FeHg|101,Fe6Hg6,FeHg,101,Catalysis-Hub,False,0.37812748534364,1.6374462445363769
Hf6W6|HfW|101,Hf6W6,HfW,101,Catalysis-Hub,False,-0.8084104859580918,-1.0021403604426833
Hf6Ti6|HfTi|101,Hf6Ti6,HfTi,101,Catalysis-Hub,False,-1.0341502761575327,-2.0597372149177575
Hf6W6|HfW|101,Hf6W6,HfW,101,Catalysis-Hub,False,-0.8234557961577309,-1.0021403604426833
Hf6Ti6|HfTi|101,Hf6Ti6,HfTi,101,Catalysis-Hub,False,-0.9464810477574872,-2.0597372149177575
Ru6Sc6|RuSc|101,Ru6Sc6,RuSc,101,Catalysis-Hub,False,-0.7617055470572893,-0.5932890425375739
Ru6Sc6|RuSc|101,Ru6Sc6,RuSc,101,Catalysis-Hub,False,-0.8256713470572947,-0.5932890425375739
Nb6Pt6|NbPt|101,Nb6Pt6,NbPt,101,Catalysis-Hub,False,-0.4116276921585893,-0.371055949651416
Hf6W6|HfW|101,Hf6W6,HfW,101,Catalysis-Hub,False,-0.8887315522578945,-1.0021403604426833
Hf6Ti6|HfTi|101,Hf6Ti6,HfTi,101,Catalysis-Hub,False,-0.938004021459136,-2.0597372149177575
Ru6Sc6|RuSc|101,Ru6Sc6,RuSc,101,Catalysis-Hub,False,0.9260756391422832,-0.5932890425375739
V6Zr6|VZr|101,V6Zr6,VZr,101,Catalysis-Hub,False,-0.8026169102585925,-1.067155531622173
Nb6Pt6|NbPt|101,Nb6Pt6,NbPt,101,Catalysis-Hub,False,-0.5907364221556861,-0.371055949651416
Hf6W6|HfW|101,Hf6W6,HfW,101,Catalysis-Hub,False,0.1400137266400918,-1.0021403604426833
Hf6Ti6|HfTi|101,Hf6Ti6,HfTi,101,Catalysis-Hub,False,0.2238149928425912,-2.0597372149177575
V6Zr6|VZr|101,V6Zr6,VZr,101,Catalysis-Hub,False,-0.9669049600588266,-1.067155531622173
Nb6Pt6|NbPt|101,Nb6Pt6,NbPt,101,Catalysis-Hub,False,-0.2114989844585295,-0.371055949651416
Mo6V6|MoV|101,Mo6V6,MoV,101,Catalysis-Hub,False,-0.7523950359600065,-0.9175686418762691
In6Sn6|InSn|101,In6Sn6,InSn,101,Catalysis-Hub,False,0.8225786372431969,0.8627541199085202
In6Sn6|InSn|101,In6Sn6,InSn,101,Catalysis-Hub,False,0.8693962313418808,0.8627541199085202
Nb6Pt6|NbPt|101,Nb6Pt6,NbPt,101,Catalysis-Hub,False,-0.1242562944562166,-0.371055949651416
Mo6V6|MoV|101,Mo6V6,MoV,101,Catalysis-Hub,False,-0.7988103097586361,-0.9175686418762691
In6Sn6|InSn|101,In6Sn6,InSn,101,Catalysis-Hub,False,0.834040888444207,0.8627541199085202
In6Sn6|InSn|101,In6Sn6,InSn,101,Catalysis-Hub,False,0.9355091456427828,0.8627541199085202
Mo6V6|MoV|101,Mo6V6,MoV,101,Catalysis-Hub,False,-0.8088612425590043,-0.9175686418762691
In6Sn6|InSn|101,In6Sn6,InSn,101,Catalysis-Hub,False,0.5754111068427221,0.8627541199085202
Cr6Sc6|CrSc|101,Cr6Sc6,CrSc,101,Catalysis-Hub,False,-0.9091928802581322,-1.5575801129832585
Nb6Y6|NbY|101,Nb6Y6,NbY,101,Catalysis-Hub,False,-0.8584901808562506,-1.0209856310212122
Fe6Os6|FeOs|101,Fe6Os6,FeOs,101,Catalysis-Hub,False,-0.3490655913546732,-0.3679182555685464
Fe6Os6|FeOs|101,Fe6Os6,FeOs,101,Catalysis-Hub,False,-0.3563698070565522,-0.3679182555685464
Mo6V6|MoV|101,Mo6V6,MoV,101,Catalysis-Hub,False,-0.8654654109586488,-0.9175686418762691
Nb6Y6|NbY|101,Nb6Y6,NbY,101,Catalysis-Hub,False,-0.9171841834567828,-1.0209856310212122
Fe6Os6|FeOs|101,Fe6Os6,FeOs,101,Catalysis-Hub,False,-0.3823339571599433,-0.3679182555685464
Nb6Y6|NbY|101,Nb6Y6,NbY,101,Catalysis-Hub,False,-0.7377146304561109,-1.0209856310212122
Fe6Os6|FeOs|101,Fe6Os6,FeOs,101,Catalysis-Hub,False,-0.3801332364591587,-0.3679182555685464
Fe6Sn6|FeSn|101,Fe6Sn6,FeSn,101,Catalysis-Hub,False,0.0202134323417624,-0.030093175048157794
Nb6Y6|NbY|101,Nb6Y6,NbY,101,Catalysis-Hub,False,-0.7960875387570638,-1.0209856310212122
Fe6Sn6|FeSn|101,Fe6Sn6,FeSn,101,Catalysis-Hub,False,0.1578921501432262,-0.030093175048157794
Cu6Ti6|CuTi|101,Cu6Ti6,CuTi,101,Catalysis-Hub,False,-0.3000169359574727,-1.9447149360953848
Hg6Mn6|HgMn|101,Hg6Mn6,HgMn,101,Catalysis-Hub,False,3.142787487284352,2.7718340969364315
In6Y6|InY|101,In6Y6,InY,101,Catalysis-Hub,False,-3.5636260967750104,-0.5517359742696581
Al9Mn3|Al3Mn|111,Al9Mn3,Al3Mn,111,Catalysis-Hub,False,4.324852043202213,2.955958761902328
Hg3Ru9|Ru3Hg|111,Hg3Ru9,Ru3Hg,111,Catalysis-Hub,False,-4.590176369522283,-3.2529162062939
Cu3Tc9|Tc3Cu|111,Cu3Tc9,Tc3Cu,111,Catalysis-Hub,False,-4.930016076654624,-4.023140819553248
Ag6Cu6|AgCu|101,Ag6Cu6,AgCu,101,Catalysis-Hub,False,3.4945905437158444,1.9924640191558425
Al6Sn6|AlSn|101,Al6Sn6,AlSn,101,Catalysis-Hub,False,0.8096982647963387,1.3842258654305424
In6Nb6|InNb|101,In6Nb6,InNb,101,Catalysis-Hub,False,-1.7183806594078987,-0.8470802290852049
In6Ni6|InNi|101,In6Ni6,InNi,101,Catalysis-Hub,False,1.76485947189542,2.1327885864754457
Cd6Mo6|CdMo|101,Cd6Mo6,CdMo,101,Catalysis-Hub,False,-2.028247844308112,-1.3956006690396467
Fe6In6|FeIn|101,Fe6In6,FeIn,101,Catalysis-Hub,False,1.7563793159966965,1.5027479934827221
Hf3Rh9|Rh3Hf|111,Hf3Rh9,Rh3Hf,111,Catalysis-Hub,False,-3.766446554770937,-3.078272149607921
Al9Mn3|Al3Mn|111,Al9Mn3,Al3Mn,111,Catalysis-Hub,False,1.9690081173544056,2.955958761902328
Hg3Ru9|Ru3Hg|111,Hg3Ru9,Ru3Hg,111,Catalysis-Hub,False,-3.536141918753401,-3.2529162062939
Cu3Tc9|Tc3Cu|111,Cu3Tc9,Tc3Cu,111,Catalysis-Hub,False,-4.71212731517835,-4.023140819553248
Cu6Sc6|CuSc|101,Cu6Sc6,CuSc,101,Catalysis-Hub,False,-2.4178634321127674,-1.9894496727480235
Cu6Fe6|CuFe|101,Cu6Fe6,CuFe,101,Catalysis-Hub,False,0.9151237377096776,0.13400775385585878
Ag6Cu6|AgCu|101,Ag6Cu6,AgCu,101,Catalysis-Hub,False,3.9391214250144335,1.9924640191558425
Al6Sn6|AlSn|101,Al6Sn6,AlSn,101,Catalysis-Hub,False,2.4036698377830703,1.3842258654305424
In6Nb6|InNb|101,In6Nb6,InNb,101,Catalysis-Hub,False,-1.217600174225538,-0.8470802290852049
In6Ni6|InNi|101,In6Ni6,InNi,101,Catalysis-Hub,False,1.6693809845828014,2.1327885864754457
Cd6Mo6|CdMo|101,Cd6Mo6,CdMo,101,Catalysis-Hub,False,-1.8565768018225413,-1.3956006690396467
Fe6In6|FeIn|101,Fe6In6,FeIn,101,Catalysis-Hub,False,1.2030965063831331,1.5027479934827221
Tl6Y6|TlY|101,Tl6Y6,TlY,101,Catalysis-Hub,False,-3.6498958438040745,-2.794965373104593
In6Y6|InY|101,In6Y6,InY,101,Catalysis-Hub,False,-0.9587034489999268,-0.5517359742696581
Hf3Rh9|Rh3Hf|111,Hf3Rh9,Rh3Hf,111,Catalysis-Hub,False,-3.2802345002579614,-3.078272149607921
Fe9Ta3|Fe3Ta|111,Fe9Ta3,Fe3Ta,111,Catalysis-Hub,False,-4.212323719447909,-2.972150506637992
Al9Mn3|Al3Mn|111,Al9Mn3,Al3Mn,111,Catalysis-Hub,False,3.141176029066969,2.955958761902328
Hg3Ru9|Ru3Hg|111,Hg3Ru9,Ru3Hg,111,Catalysis-Hub,False,-2.910827174740575,-3.2529162062939
Cu3Tc9|Tc3Cu|111,Cu3Tc9,Tc3Cu,111,Catalysis-Hub,False,-3.4203429219647887,-4.023140819553248
Cu6Sc6|CuSc|101,Cu6Sc6,CuSc,101,Catalysis-Hub,False,-1.4170126785156183,-1.9894496727480235
Cu6Fe6|CuFe|101,Cu6Fe6,CuFe,101,Catalysis-Hub,False,-0.8137112635139943,0.13400775385585878
In6Y6|InY|101,In6Y6,InY,101,Catalysis-Hub,False,0.7300497277910267,-0.5517359742696581
Bi6Sn6|BiSn|101,Bi6Sn6,BiSn,101,Catalysis-Hub,False,0.5657422220216972,2.241962247269039
Ag9Fe3|Ag3Fe|111,Ag9Fe3,Ag3Fe,111,Catalysis-Hub,False,-1.5903954530797932,0.4498630201622418
Au9Hg3|Au3Hg|111,Au9Hg3,Au3Hg,111,Catalysis-Hub,False,3.972203937028723,2.8301575296921575
Ag9La3|Ag3La|111,Ag9La3,Ag3La,111,Catalysis-Hub,False,-1.889736458091022,1.190152100202784
Al9Re3|Al3Re|111,Al9Re3,Al3Re,111,Catalysis-Hub,False,-2.8312145568627898,0.6010084223181063
Fe9Sn3|Fe3Sn|111,Fe9Sn3,Fe3Sn,111,Catalysis-Hub,False,-2.1598007352870923,2.2160441680117624
Cu6Sc6|CuSc|101,Cu6Sc6,CuSc,101,Catalysis-Hub,False,-3.322463983019759,-1.9894496727480235
Cu6Fe6|CuFe|101,Cu6Fe6,CuFe,101,Catalysis-Hub,False,-0.6411943551112813,0.13400775385585878
In6Nb6|InNb|101,In6Nb6,InNb,101,Catalysis-Hub,False,-0.2930255149243521,-0.8470802290852049
In6Ni6|InNi|101,In6Ni6,InNi,101,Catalysis-Hub,False,3.6676724966833945,2.1327885864754457
Cd6Mo6|CdMo|101,Cd6Mo6,CdMo,101,Catalysis-Hub,False,-1.062404536320514,-1.3956006690396467
Fe6In6|FeIn|101,Fe6In6,FeIn,101,Catalysis-Hub,False,2.9998259508880665,1.5027479934827221
In6Mn6|InMn|101,In6Mn6,InMn,101,Catalysis-Hub,False,-0.2658190291761571,1.8729550858179576
In9Rh3|In3Rh|111,In9Rh3,In3Rh,111,Catalysis-Hub,False,4.68345127887892,3.170177525066524
Ag6Cu6|AgCu|101,Ag6Cu6,AgCu,101,Catalysis-Hub,False,0.1039597314975822,1.9924640191558425
Al6Sn6|AlSn|101,Al6Sn6,AlSn,101,Catalysis-Hub,False,0.5344462732810484,1.3842258654305424
In6Nb6|InNb|101,In6Nb6,InNb,101,Catalysis-Hub,False,-1.173691204921795,-0.8470802290852049
In6Ni6|InNi|101,In6Ni6,InNi,101,Catalysis-Hub,False,-0.0999743521223877,2.1327885864754457
Cd6Mo6|CdMo|101,Cd6Mo6,CdMo,101,Catalysis-Hub,False,-1.3040935987209537,-1.3956006690396467
Hf6Re6|HfRe|101,Hf6Re6,HfRe,101,Catalysis-Hub,False,-1.9907045699127928,-2.285605895574885
Fe6In6|FeIn|101,Fe6In6,FeIn,101,Catalysis-Hub,False,-0.3015364197180474,1.5027479934827221
In6Y6|InY|101,In6Y6,InY,101,Catalysis-Hub,False,1.7801804333008704,-0.5517359742696581
In9Rh3|In3Rh|111,In9Rh3,In3Rh,111,Catalysis-Hub,False,1.0285058187272398,3.170177525066524
Cu6Sc6|CuSc|101,Cu6Sc6,CuSc,101,Catalysis-Hub,False,-2.262146152025366,-1.9894496727480235
Cu6Fe6|CuFe|101,Cu6Fe6,CuFe,101,Catalysis-Hub,False,1.6741424327987031,0.13400775385585878
Ag6Cu6|AgCu|101,Ag6Cu6,AgCu,101,Catalysis-Hub,False,2.557746271503504,1.9924640191558425
Al6Sn6|AlSn|101,Al6Sn6,AlSn,101,Catalysis-Hub,False,1.2863095988748796,1.3842258654305424
In6Nb6|InNb|101,In6Nb6,InNb,101,Catalysis-Hub,False,-1.9933405366293184,-0.8470802290852049
In6Ni6|InNi|101,In6Ni6,InNi,101,Catalysis-Hub,False,1.6569842944689412,2.1327885864754457
Cd6Mo6|CdMo|101,Cd6Mo6,CdMo,101,Catalysis-Hub,False,-2.179322998429768,-1.3956006690396467
Hf6Re6|HfRe|101,Hf6Re6,HfRe,101,Catalysis-Hub,False,-4.394500260315169,-2.285605895574885
Hg6Mn6|HgMn|101,Hg6Mn6,HgMn,101,Catalysis-Hub,False,2.809304903088673,2.7718340969364315
Fe6In6|FeIn|101,Fe6In6,FeIn,101,Catalysis-Hub,False,1.579303276276562,1.5027479934827221
In6Y6|InY|101,In6Y6,InY,101,Catalysis-Hub,False,-1.0481351587131371,-0.5517359742696581
In6Y6|InY|101,In6Y6,InY,101,Catalysis-Hub,False,-2.0191542079166425,-0.5517359742696581
Bi6Sn6|BiSn|101,Bi6Sn6,BiSn,101,Catalysis-Hub,False,2.611446985321777,2.241962247269039
Au9Hg3|Au3Hg|111,Au9Hg3,Au3Hg,111,Catalysis-Hub,False,4.87195541952849,2.8301575296921575
Ag9La3|Ag3La|111,Ag9La3,Ag3La,111,Catalysis-Hub,False,4.826219341780984,1.190152100202784
Al9Re3|Al3Re|111,Al9Re3,Al3Re,111,Catalysis-Hub,False,1.5918462278419838,0.6010084223181063
Fe9Sn3|Fe3Sn|111,Fe9Sn3,Fe3Sn,111,Catalysis-Hub,False,3.2944944898023323,2.2160441680117624
In9Rh3|In3Rh|111,In9Rh3,In3Rh,111,Catalysis-Hub,False,4.332368507708111,3.170177525066524
In6Nb6|InNb|101,In6Nb6,InNb,101,Catalysis-Hub,False,0.1060132387568728,-0.8470802290852049
Cd6Mo6|CdMo|101,Cd6Mo6,CdMo,101,Catalysis-Hub,False,-0.7937681764384479,-1.3956006690396467
Fe6In6|FeIn|101,Fe6In6,FeIn,101,Catalysis-Hub,False,4.271019489773039,1.5027479934827221
In6Y6|InY|101,In6Y6,InY,101,Catalysis-Hub,False,2.304775233190753,-0.5517359742696581
Bi6Sn6|BiSn|101,Bi6Sn6,BiSn,101,Catalysis-Hub,False,1.8037522946852391,2.241962247269039
Ag9Fe3|Ag3Fe|111,Ag9Fe3,Ag3Fe,111,Catalysis-Hub,False,3.297362025253392,0.4498630201622418
Au9Hg3|Au3Hg|111,Au9Hg3,Au3Hg,111,Catalysis-Hub,False,0.7595840114900625,2.8301575296921575
Ag9La3|Ag3La|111,Ag9La3,Ag3La,111,Catalysis-Hub,False,3.85337454483772,1.190152100202784
Y3Zr9|Zr3Y|111,Y3Zr9,Zr3Y,111,Catalysis-Hub,False,-2.849856939840606,-2.6033591986118862
Al9Re3|Al3Re|111,Al9Re3,Al3Re,111,Catalysis-Hub,False,2.478391345462228,0.6010084223181063
Fe9Sn3|Fe3Sn|111,Fe9Sn3,Fe3Sn,111,Catalysis-Hub,False,2.5049761872516,2.2160441680117624
Cu6Fe6|CuFe|101,Cu6Fe6,CuFe,101,Catalysis-Hub,False,-0.8906657371912843,0.13400775385585878
Ag6Cu6|AgCu|101,Ag6Cu6,AgCu,101,Catalysis-Hub,False,-1.687011376242708,1.9924640191558425
In6Ni6|InNi|101,In6Ni6,InNi,101,Catalysis-Hub,False,-2.089271005069577,2.1327885864754457
Fe6In6|FeIn|101,Fe6In6,FeIn,101,Catalysis-Hub,False,-4.13597741986564,1.5027479934827221
In6Mn6|InMn|101,In6Mn6,InMn,101,Catalysis-Hub,False,4.355998737560299,1.8729550858179576
Ag6Au6|AgAu|101,Ag6Au6,AgAu,101,Catalysis-Hub,False,1.053884243811524,1.9564268553657993
Bi6Mo6|BiMo|101,Bi6Mo6,BiMo,101,Catalysis-Hub,False,-2.55857812307147,-1.9130401848131744
Cr9W3|Cr3W|111,Cr9W3,Cr3W,111,Catalysis-Hub,False,-4.232972261208033,-3.7061914558217657
Ga6Zr6|GaZr|101,Ga6Zr6,GaZr,101,Catalysis-Hub,False,-0.8780978874047491,-1.725911529405625
Au6Ni6|AuNi|101,Au6Ni6,AuNi,101,Catalysis-Hub,False,3.2320728001119505,1.5396972003125575
Au6La6|AuLa|101,Au6La6,AuLa,101,Catalysis-Hub,False,-4.340097629275363,-1.9893034518390469
Al6Os6|AlOs|101,Al6Os6,AlOs,101,Catalysis-Hub,False,-3.934457257676797,-2.2452323915539223
Hf9Mn3|Hf3Mn|111,Hf9Mn3,Hf3Mn,111,Catalysis-Hub,False,0.210412433841185,-1.3426054784179726
Mo3Zn9|Zn3Mo|111,Mo3Zn9,Zn3Mo,111,Catalysis-Hub,False,0.7754777726450186,-0.15237637777536484
Cr9W3|Cr3W|111,Cr9W3,Cr3W,111,Catalysis-Hub,False,-3.02533621551072,-3.7061914558217657
Ir6Ti6|IrTi|101,Ir6Ti6,IrTi,101,Catalysis-Hub,False,-4.804378941238838,-1.612138927276281
Bi6Mo6|BiMo|101,Bi6Mo6,BiMo,101,Catalysis-Hub,False,-0.5576769035313873,-1.9130401848131744
Ga6Zr6|GaZr|101,Ga6Zr6,GaZr,101,Catalysis-Hub,False,0.2060470481097809,-1.725911529405625
Ir6Rh6|IrRh|101,Ir6Rh6,IrRh,101,Catalysis-Hub,False,-2.989899510480712,-0.24924964544855502
Ir6Ti6|IrTi|101,Ir6Ti6,IrTi,101,Catalysis-Hub,False,-3.101863606882148,-1.612138927276281
Au6Ni6|AuNi|101,Au6Ni6,AuNi,101,Catalysis-Hub,False,1.954511252858652,1.5396972003125575
Cr6Tl6|CrTl|101,Cr6Tl6,CrTl,101,Catalysis-Hub,False,0.7302057851640029,-0.7832964040697885
Hf6Y6|HfY|101,Hf6Y6,HfY,101,Catalysis-Hub,False,-3.08041096774366,-3.2314015208247
Cr9W3|Cr3W|111,Cr9W3,Cr3W,111,Catalysis-Hub,False,-4.346905100948447,-3.7061914558217657
Ga6Zr6|GaZr|101,Ga6Zr6,GaZr,101,Catalysis-Hub,False,-1.0141209287084507,-1.725911529405625
Co6Ti6|CoTi|101,Co6Ti6,CoTi,101,Catalysis-Hub,False,-1.580616906233331,-2.794136433471509
Bi6Mo6|BiMo|101,Bi6Mo6,BiMo,101,Catalysis-Hub,False,-3.075381487624554,-1.9130401848131744
Ga6Zr6|GaZr|101,Ga6Zr6,GaZr,101,Catalysis-Hub,False,-2.238494696609621,-1.725911529405625
Ir6Ti6|IrTi|101,Ir6Ti6,IrTi,101,Catalysis-Hub,False,-1.9999982102057168,-1.612138927276281
Au6Ni6|AuNi|101,Au6Ni6,AuNi,101,Catalysis-Hub,False,1.8578810435699324,1.5396972003125575
Mo3Zn9|Zn3Mo|111,Mo3Zn9,Zn3Mo,111,Catalysis-Hub,False,-0.2220575456585436,-0.15237637777536484
Bi6Mo6|BiMo|101,Bi6Mo6,BiMo,101,Catalysis-Hub,False,-2.157460420074244,-1.9130401848131744
Ir6Ti6|IrTi|101,Ir6Ti6,IrTi,101,Catalysis-Hub,False,-0.916536144620352,-1.612138927276281
Au6Ni6|AuNi|101,Au6Ni6,AuNi,101,Catalysis-Hub,False,0.3858644983246222,1.5396972003125575
Cd6Hg6|CdHg|101,Cd6Hg6,CdHg,101,Catalysis-Hub,False,3.019592300524778,2.227330233028256
Au6La6|AuLa|101,Au6La6,AuLa,101,Catalysis-Hub,False,-2.201915113977861,-1.9893034518390469
Cu6Ta6|CuTa|101,Cu6Ta6,CuTa,101,Catalysis-Hub,False,-1.1317301626176004,-2.0072736315376227
Cr9W3|Cr3W|111,Cr9W3,Cr3W,111,Catalysis-Hub,False,-4.826294445150438,-3.7061914558217657
Ga6Zr6|GaZr|101,Ga6Zr6,GaZr,101,Catalysis-Hub,False,0.7646560780043501,-1.725911529405625
Ir6Rh6|IrRh|101,Ir6Rh6,IrRh,101,Catalysis-Hub,False,0.7154695967161615,-0.24924964544855502
Al6Os6|AlOs|101,Al6Os6,AlOs,101,Catalysis-Hub,False,-2.352525905278867,-2.2452323915539223
Co6Ti6|CoTi|101,Co6Ti6,CoTi,101,Catalysis-Hub,False,-3.875865161871957,-2.794136433471509
Mo6Y6|MoY|101,Mo6Y6,MoY,101,Catalysis-Hub,False,-2.6054410245404824,-3.756125815881844
Bi6Mo6|BiMo|101,Bi6Mo6,BiMo,101,Catalysis-Hub,False,-1.7803451980947784,-1.9130401848131744
Ir6Ti6|IrTi|101,Ir6Ti6,IrTi,101,Catalysis-Hub,False,0.1382961436844425,-1.612138927276281
Au6Ni6|AuNi|101,Au6Ni6,AuNi,101,Catalysis-Hub,False,0.8952911285992968,1.5396972003125575
Au6La6|AuLa|101,Au6La6,AuLa,101,Catalysis-Hub,False,0.6376578276623377,-1.9893034518390469
Cr6Tl6|CrTl|101,Cr6Tl6,CrTl,101,Catalysis-Hub,False,-2.70385698089774,-0.7832964040697885
Rh6Ti6|RhTi|101,Rh6Ti6,RhTi,101,Catalysis-Hub,False,0.1171892256544424,-1.9296409987680676
Bi6Mo6|BiMo|101,Bi6Mo6,BiMo,101,Catalysis-Hub,False,-1.8272040174043127,-1.9130401848131744
Ir6Rh6|IrRh|101,Ir6Rh6,IrRh,101,Catalysis-Hub,False,0.7130895528581505,-0.24924964544855502
Ir6Ti6|IrTi|101,Ir6Ti6,IrTi,101,Catalysis-Hub,False,-1.0434335759181863,-1.612138927276281
Mo6Pd6|MoPd|101,Mo6Pd6,MoPd,101,Catalysis-Hub,False,-4.93009308538177,-3.570975541527524
Au6Ni6|AuNi|101,Au6Ni6,AuNi,101,Catalysis-Hub,False,0.5315968333824799,1.5396972003125575
Cr6Tl6|CrTl|101,Cr6Tl6,CrTl,101,Catalysis-Hub,False,-2.107375963408288,-0.7832964040697885
Al6Os6|AlOs|101,Al6Os6,AlOs,101,Catalysis-Hub,False,-0.5028865100383655,-2.2452323915539223
Hf6Y6|HfY|101,Hf6Y6,HfY,101,Catalysis-Hub,False,-4.7075915858141,-3.2314015208247
Co6Ti6|CoTi|101,Co6Ti6,CoTi,101,Catalysis-Hub,False,-3.6995409728009454,-2.794136433471509
Ir6Ti6|IrTi|101,Ir6Ti6,IrTi,101,Catalysis-Hub,False,-2.230103658724317,-1.612138927276281
Co6Ti6|CoTi|101,Co6Ti6,CoTi,101,Catalysis-Hub,False,-3.572272786207634,-2.794136433471509
Ag6Au6|AgAu|101,Ag6Au6,AgAu,101,Catalysis-Hub,False,2.80781358311458,1.9564268553657993
Mo6Y6|MoY|101,Mo6Y6,MoY,101,Catalysis-Hub,False,-4.542718899576471,-3.756125815881844
Bi6Mo6|BiMo|101,Bi6Mo6,BiMo,101,Catalysis-Hub,False,-0.969388406693156,-1.9130401848131744
Ga6Zr6|GaZr|101,Ga6Zr6,GaZr,101,Catalysis-Hub,False,-3.047574174393503,-1.725911529405625
Ir6Rh6|IrRh|101,Ir6Rh6,IrRh,101,Catalysis-Hub,False,0.408634576176837,-0.24924964544855502
Au6Ni6|AuNi|101,Au6Ni6,AuNi,101,Catalysis-Hub,False,2.2779375980913983,1.5396972003125575
Au6La6|AuLa|101,Au6La6,AuLa,101,Catalysis-Hub,False,-3.5750321565739114,-1.9893034518390469
Cr6Tl6|CrTl|101,Cr6Tl6,CrTl,101,Catalysis-Hub,False,-0.297581244898879,-0.7832964040697885
Hf6Y6|HfY|101,Hf6Y6,HfY,101,Catalysis-Hub,False,-4.571469495107863,-3.2314015208247
Cu6Ta6|CuTa|101,Cu6Ta6,CuTa,101,Catalysis-Hub,False,-2.8936060422823857,-2.0072736315376227
Bi6Mo6|BiMo|101,Bi6Mo6,BiMo,101,Catalysis-Hub,False,-1.240450253511824,-1.9130401848131744
Ga6Zr6|GaZr|101,Ga6Zr6,GaZr,101,Catalysis-Hub,False,-3.377989763704932,-1.725911529405625
Ir6Rh6|IrRh|101,Ir6Rh6,IrRh,101,Catalysis-Hub,False,0.0714943737237945,-0.24924964544855502
Ir6Ti6|IrTi|101,Ir6Ti6,IrTi,101,Catalysis-Hub,False,0.6675925263692761,-1.612138927276281
Au6Ni6|AuNi|101,Au6Ni6,AuNi,101,Catalysis-Hub,False,-0.3519250995140623,1.5396972003125575
Cd6Hg6|CdHg|101,Cd6Hg6,CdHg,101,Catalysis-Hub,False,1.766478413084826,2.227330233028256
Cr6Tl6|CrTl|101,Cr6Tl6,CrTl,101,Catalysis-Hub,False,-0.2884711457135722,-0.7832964040697885
Al6Os6|AlOs|101,Al6Os6,AlOs,101,Catalysis-Hub,False,-2.527648711921074,-2.2452323915539223
Hf6Y6|HfY|101,Hf6Y6,HfY,101,Catalysis-Hub,False,-1.9621437735167435,-3.2314015208247
Co6Ti6|CoTi|101,Co6Ti6,CoTi,101,Catalysis-Hub,False,-2.814727587696666,-2.794136433471509
Cu6Ta6|CuTa|101,Cu6Ta6,CuTa,101,Catalysis-Hub,False,-2.1699904461921165,-2.0072736315376227
Mo6Y6|MoY|101,Mo6Y6,MoY,101,Catalysis-Hub,False,-4.65450721009654,-3.756125815881844
Bi6Mo6|BiMo|101,Bi6Mo6,BiMo,101,Catalysis-Hub,False,-1.8506417266118549,-1.9130401848131744
Cd3Tl9|Tl3Cd|111,Cd3Tl9,Tl3Cd,111,Catalysis-Hub,False,2.4900784987238467,1.9668382875253385
Mo6Pd6|MoPd|101,Mo6Pd6,MoPd,101,Catalysis-Hub,False,-3.488130697295105,-3.570975541527524
Au6Ni6|AuNi|101,Au6Ni6,AuNi,101,Catalysis-Hub,False,0.9783819056854668,1.5396972003125575
Au6La6|AuLa|101,Au6La6,AuLa,101,Catalysis-Hub,False,-1.31766976639517,-1.9893034518390469
Cr6Tl6|CrTl|101,Cr6Tl6,CrTl,101,Catalysis-Hub,False,-1.206098874715451,-0.7832964040697885
Rh6Ti6|RhTi|101,Rh6Ti6,RhTi,101,Catalysis-Hub,False,-2.374463043303308,-1.9296409987680676
Al6Os6|AlOs|101,Al6Os6,AlOs,101,Catalysis-Hub,False,-1.4609899480730064,-2.2452323915539223
Cr6Zr6|CrZr|101,Cr6Zr6,CrZr,101,Catalysis-Hub,False,-4.6058724398773165,-1.781871176488265
Ir6Ni6|IrNi|101,Ir6Ni6,IrNi,101,Catalysis-Hub,False,-1.1093702964029717,-1.6863295130823939
Bi6Hf6|BiHf|101,Bi6Hf6,BiHf,101,Catalysis-Hub,False,1.8204830783791977,-1.4442578906147427
Al6Re6|AlRe|101,Al6Re6,AlRe,101,Catalysis-Hub,False,0.7721039691037959,-1.2674146383937899
Ga6W6|GaW|101,Ga6W6,GaW,101,Catalysis-Hub,False,2.0352202174996137,-0.08862709226225644
Ir6Y6|IrY|101,Ir6Y6,IrY,101,Catalysis-Hub,False,-2.7523114758936345,-3.371520615536233
Sc6Ta6|ScTa|101,Sc6Ta6,ScTa,101,Catalysis-Hub,False,-4.623401605115191,-3.673275490774383
Al6Zr6|AlZr|101,Al6Zr6,AlZr,101,Catalysis-Hub,False,-1.6779962446620402,-3.6162548197515156
Rh6Zr6|RhZr|101,Rh6Zr6,RhZr,101,Catalysis-Hub,False,-0.4542140518955193,-1.436948026001169
Ir6Ni6|IrNi|101,Ir6Ni6,IrNi,101,Catalysis-Hub,False,-1.5714855820179423,-1.6863295130823939
Fe6Ru6|FeRu|101,Fe6Ru6,FeRu,101,Catalysis-Hub,False,-0.7136650733136207,-1.8994760943022926
Ag6Zr6|AgZr|101,Ag6Zr6,AgZr,101,Catalysis-Hub,False,-1.447313914917629,-2.539704282636368
Nb6Ta6|NbTa|101,Nb6Ta6,NbTa,101,Catalysis-Hub,False,-2.590650821117322,-1.399533380118092
Al6Re6|AlRe|101,Al6Re6,AlRe,101,Catalysis-Hub,False,-0.6066859667134281,-1.2674146383937899
Ga6W6|GaW|101,Ga6W6,GaW,101,Catalysis-Hub,False,-1.0239643747171954,-0.08862709226225644
Ir6Y6|IrY|101,Ir6Y6,IrY,101,Catalysis-Hub,False,-1.5252157531121495,-3.371520615536233
Sc6Ta6|ScTa|101,Sc6Ta6,ScTa,101,Catalysis-Hub,False,-2.00350181171774,-3.673275490774383
Al6Zr6|AlZr|101,Al6Zr6,AlZr,101,Catalysis-Hub,False,-1.3631676083149955,-3.6162548197515156
Rh6Zr6|RhZr|101,Rh6Zr6,RhZr,101,Catalysis-Hub,False,-1.0347199463121228,-1.436948026001169
Cd6Ni6|CdNi|101,Cd6Ni6,CdNi,101,Catalysis-Hub,False,-0.6294333229142808,-2.0779758413795997
Ga6In6|GaIn|101,Ga6In6,GaIn,101,Catalysis-Hub,False,3.459394659786767,2.0115067052258966
Fe6Ru6|FeRu|101,Fe6Ru6,FeRu,101,Catalysis-Hub,False,-1.087119547815007,-1.8994760943022926
Ag6Zr6|AgZr|101,Ag6Zr6,AgZr,101,Catalysis-Hub,False,-3.072605110520442,-2.539704282636368
Al6Re6|AlRe|101,Al6Re6,AlRe,101,Catalysis-Hub,False,-0.8024575877126949,-1.2674146383937899
Ga6W6|GaW|101,Ga6W6,GaW,101,Catalysis-Hub,False,-1.5161203477229606,-0.08862709226225644
Ir6Y6|IrY|101,Ir6Y6,IrY,101,Catalysis-Hub,False,-2.363460664412912,-3.371520615536233
Sc6Ta6|ScTa|101,Sc6Ta6,ScTa,101,Catalysis-Hub,False,-4.918500491524526,-3.673275490774383
Al6Zr6|AlZr|101,Al6Zr6,AlZr,101,Catalysis-Hub,False,-3.1125140062878813,-3.6162548197515156
Rh6Zr6|RhZr|101,Rh6Zr6,RhZr,101,Catalysis-Hub,False,-2.501609730611733,-1.436948026001169
Cd6Ni6|CdNi|101,Cd6Ni6,CdNi,101,Catalysis-Hub,False,0.3791013810867412,-2.0779758413795997
Ir6Ni6|IrNi|101,Ir6Ni6,IrNi,101,Catalysis-Hub,False,-0.0670240875173249,-1.6863295130823939
Bi6Hf6|BiHf|101,Bi6Hf6,BiHf,101,Catalysis-Hub,False,-2.324140622509276,-1.4442578906147427
Ga6In6|GaIn|101,Ga6In6,GaIn,101,Catalysis-Hub,False,1.4276686564315924,2.0115067052258966
Ir6Ni6|IrNi|101,Ir6Ni6,IrNi,101,Catalysis-Hub,False,-0.5938043697223634,-1.6863295130823939
Bi6Hf6|BiHf|101,Bi6Hf6,BiHf,101,Catalysis-Hub,False,-2.564109925709886,-1.4442578906147427
Al6Re6|AlRe|101,Al6Re6,AlRe,101,Catalysis-Hub,False,1.7381479609933876,-1.2674146383937899
Ga6W6|GaW|101,Ga6W6,GaW,101,Catalysis-Hub,False,2.583985801385438,-0.08862709226225644
Ir6Y6|IrY|101,Ir6Y6,IrY,101,Catalysis-Hub,False,-2.7047972704027643,-3.371520615536233
Al6Zr6|AlZr|101,Al6Zr6,AlZr,101,Catalysis-Hub,False,-1.4684338943740158,-3.6162548197515156
Rh6Zr6|RhZr|101,Rh6Zr6,RhZr,101,Catalysis-Hub,False,0.0837959603953777,-1.436948026001169
Ir6Ni6|IrNi|101,Ir6Ni6,IrNi,101,Catalysis-Hub,False,-0.3375572169290421,-1.6863295130823939
Ga6In6|GaIn|101,Ga6In6,GaIn,101,Catalysis-Hub,False,3.28622590260386,2.0115067052258966
La6Zr6|LaZr|101,La6Zr6,LaZr,101,Catalysis-Hub,False,-2.359569300452563,-3.011553788360835
Cr6Zr6|CrZr|101,Cr6Zr6,CrZr,101,Catalysis-Hub,False,-1.91931713711341,-1.781871176488265
Bi6Hf6|BiHf|101,Bi6Hf6,BiHf,101,Catalysis-Hub,False,-1.7744991043470009,-1.4442578906147427
Ga6In6|GaIn|101,Ga6In6,GaIn,101,Catalysis-Hub,False,4.507128314399722,2.0115067052258966
Cd6Ni6|CdNi|101,Cd6Ni6,CdNi,101,Catalysis-Hub,False,-3.334970062468756,-2.0779758413795997
Ir6Ni6|IrNi|101,Ir6Ni6,IrNi,101,Catalysis-Hub,False,0.9119015013633316,-1.6863295130823939
Bi6Hf6|BiHf|101,Bi6Hf6,BiHf,101,Catalysis-Hub,False,-0.9036522339341672,-1.4442578906147427
Cd6Ni6|CdNi|101,Cd6Ni6,CdNi,101,Catalysis-Hub,False,-4.100944939467809,-2.0779758413795997
Bi6Hf6|BiHf|101,Bi6Hf6,BiHf,101,Catalysis-Hub,False,-3.5171252427676336,-1.4442578906147427
La6Zr6|LaZr|101,La6Zr6,LaZr,101,Catalysis-Hub,False,-4.97973875868604,-3.011553788360835
Al6Re6|AlRe|101,Al6Re6,AlRe,101,Catalysis-Hub,False,-1.2285269055969366,-1.2674146383937899
Ga6W6|GaW|101,Ga6W6,GaW,101,Catalysis-Hub,False,-1.0153356446021462,-0.08862709226225644
Ir6Y6|IrY|101,Ir6Y6,IrY,101,Catalysis-Hub,False,-4.507214710596145,-3.371520615536233
Al6Zr6|AlZr|101,Al6Zr6,AlZr,101,Catalysis-Hub,False,-4.906388704642723,-3.6162548197515156
Rh6Zr6|RhZr|101,Rh6Zr6,RhZr,101,Catalysis-Hub,False,-3.9128459763956016,-1.436948026001169
Ir6Ni6|IrNi|101,Ir6Ni6,IrNi,101,Catalysis-Hub,False,-3.4271891704713653,-1.6863295130823939
Bi6Hf6|BiHf|101,Bi6Hf6,BiHf,101,Catalysis-Hub,False,-1.519298093052953,-1.4442578906147427
Ga6In6|GaIn|101,Ga6In6,GaIn,101,Catalysis-Hub,False,1.2946485274897557,2.0115067052258966
Fe6Ru6|FeRu|101,Fe6Ru6,FeRu,101,Catalysis-Hub,False,-3.0590230924116213,-1.8994760943022926
Ag6Zr6|AgZr|101,Ag6Zr6,AgZr,101,Catalysis-Hub,False,-4.309120461910311,-2.539704282636368
Al6Re6|AlRe|101,Al6Re6,AlRe,101,Catalysis-Hub,False,-2.4532682993066146,-1.2674146383937899
Ga6W6|GaW|101,Ga6W6,GaW,101,Catalysis-Hub,False,-2.969706214613211,-0.08862709226225644
Ir6Y6|IrY|101,Ir6Y6,IrY,101,Catalysis-Hub,False,-3.778527048505453,-3.371520615536233
Al6Zr6|AlZr|101,Al6Zr6,AlZr,101,Catalysis-Hub,False,-4.0660452514983945,-3.6162548197515156
Rh6Zr6|RhZr|101,Rh6Zr6,RhZr,101,Catalysis-Hub,False,-3.921910360606376,-1.436948026001169
Cd6Ni6|CdNi|101,Cd6Ni6,CdNi,101,Catalysis-Hub,False,-2.1194650287051218,-2.0779758413795997
Ir6Ni6|IrNi|101,Ir6Ni6,IrNi,101,Catalysis-Hub,False,-4.916899101668605,-1.6863295130823939
Bi6Tc6|BiTc|101,Bi6Tc6,BiTc,101,Catalysis-Hub,False,-3.161448646274323,-0.9610632110170794
Ga6In6|GaIn|101,Ga6In6,GaIn,101,Catalysis-Hub,False,3.851411379687136,2.0115067052258966
La6Zr6|LaZr|101,La6Zr6,LaZr,101,Catalysis-Hub,False,-4.711430976204042,-3.011553788360835
Cd6Ni6|CdNi|101,Cd6Ni6,CdNi,101,Catalysis-Hub,False,-4.209096312564725,-2.0779758413795997
Ir6Ni6|IrNi|101,Ir6Ni6,IrNi,101,Catalysis-Hub,False,-0.3924676126184749,-1.6863295130823939
La6Zr6|LaZr|101,La6Zr6,LaZr,101,Catalysis-Hub,False,-3.873692468819229,-3.011553788360835
Al6Re6|AlRe|101,Al6Re6,AlRe,101,Catalysis-Hub,False,-1.683925877437673,-1.2674146383937899
Ga6W6|GaW|101,Ga6W6,GaW,101,Catalysis-Hub,False,-1.5688056685463607,-0.08862709226225644
Ir6Y6|IrY|101,Ir6Y6,IrY,101,Catalysis-Hub,False,-4.771392349135226,-3.371520615536233
Al6Zr6|AlZr|101,Al6Zr6,AlZr,101,Catalysis-Hub,False,-4.521752936512371,-3.6162548197515156
Rh6Zr6|RhZr|101,Rh6Zr6,RhZr,101,Catalysis-Hub,False,-3.765726949237092,-1.436948026001169
Ir6Ni6|IrNi|101,Ir6Ni6,IrNi,101,Catalysis-Hub,False,-2.6797230685168643,-1.6863295130823939
Al6Re6|AlRe|101,Al6Re6,AlRe,101,Catalysis-Hub,False,-0.8333474065187829,-1.2674146383937899
Ga6W6|GaW|101,Ga6W6,GaW,101,Catalysis-Hub,False,-0.0866690734295616,-0.08862709226225644
Al6Zr6|AlZr|101,Al6Zr6,AlZr,101,Catalysis-Hub,False,-4.896224572476399,-3.6162548197515156
Rh6Zr6|RhZr|101,Rh6Zr6,RhZr,101,Catalysis-Hub,False,-3.528307488817859,-1.436948026001169
Ir6Ni6|IrNi|101,Ir6Ni6,IrNi,101,Catalysis-Hub,False,-4.961126444168258,-1.6863295130823939
La6Zr6|LaZr|101,La6Zr6,LaZr,101,Catalysis-Hub,False,-3.534975638917217,-3.011553788360835
Al6Re6|AlRe|101,Al6Re6,AlRe,101,Catalysis-Hub,False,-1.2423011721471084,-1.2674146383937899
Ga6W6|GaW|101,Ga6W6,GaW,101,Catalysis-Hub,False,0.0186381658500067,-0.08862709226225644
Ir6Ni6|IrNi|101,Ir6Ni6,IrNi,101,Catalysis-Hub,False,-2.329944674958483,-1.6863295130823939
Bi6Tc6|BiTc|101,Bi6Tc6,BiTc,101,Catalysis-Hub,False,0.7016204980296834,-0.9610632110170794
Ga6In6|GaIn|101,Ga6In6,GaIn,101,Catalysis-Hub,False,-1.919114684250644,2.0115067052258966
La6Zr6|LaZr|101,La6Zr6,LaZr,101,Catalysis-Hub,False,-1.759549034320969,-3.011553788360835
Al6Re6|AlRe|101,Al6Re6,AlRe,101,Catalysis-Hub,False,-0.4021544572366338,-1.2674146383937899
Ga6W6|GaW|101,Ga6W6,GaW,101,Catalysis-Hub,False,0.8598733359598327,-0.08862709226225644
Ir6Y6|IrY|101,Ir6Y6,IrY,101,Catalysis-Hub,False,-4.524520198335836,-3.371520615536233
Al6Zr6|AlZr|101,Al6Zr6,AlZr,101,Catalysis-Hub,False,-4.5485847215637705,-3.6162548197515156
Cu6Ir6|CuIr|101,Cu6Ir6,CuIr,101,Catalysis-Hub,False,-0.1780859900973155,-0.46683571285232406
Hg6Ti6|HgTi|101,Hg6Ti6,HgTi,101,Catalysis-Hub,False,-1.7491968714085149,-1.1654741180713544
Mn6Zr6|MnZr|101,Mn6Zr6,MnZr,101,Catalysis-Hub,False,-3.81932412392888,-3.6872105057436357
Nb6Pd6|NbPd|101,Nb6Pd6,NbPd,101,Catalysis-Hub,False,-1.274824762118385,-1.4424019389538507
Ru6Zn6|RuZn|101,Ru6Zn6,RuZn,101,Catalysis-Hub,False,-3.00077821351249,-2.9346815056797007
Al6Fe6|AlFe|101,Al6Fe6,AlFe,101,Catalysis-Hub,False,-1.0048954536399606,-0.36627319382434614
Fe6Hg6|FeHg|101,Fe6Hg6,FeHg,101,Catalysis-Hub,False,-1.2195423869032993,1.6374462445363769
Mo6Ti6|MoTi|101,Mo6Ti6,MoTi,101,Catalysis-Hub,False,-4.477345318291896,-2.2914793158846782
Nb6Pd6|NbPd|101,Nb6Pd6,NbPd,101,Catalysis-Hub,False,-2.56275806422235,-1.4424019389538507
Mo6Rh6|MoRh|101,Mo6Rh6,MoRh,101,Catalysis-Hub,False,-2.431013196899926,-1.7608332368942974
Al6Fe6|AlFe|101,Al6Fe6,AlFe,101,Catalysis-Hub,False,-0.9198653213675244,-0.36627319382434614
Au6Zn6|AuZn|101,Au6Zn6,AuZn,101,Catalysis-Hub,False,4.228429457008701,3.2448271401018944
Fe6Hg6|FeHg|101,Fe6Hg6,FeHg,101,Catalysis-Hub,False,1.5339272053646482,1.6374462445363769
Cr6Sn6|CrSn|101,Cr6Sn6,CrSn,101,Catalysis-Hub,False,-4.062542602080896,-0.6445715604546649
Hg6Ti6|HgTi|101,Hg6Ti6,HgTi,101,Catalysis-Hub,False,-0.9772315440990268,-1.1654741180713544
Mn6Zr6|MnZr|101,Mn6Zr6,MnZr,101,Catalysis-Hub,False,-3.750340544641064,-3.6872105057436357
Bi6Pd6|BiPd|101,Bi6Pd6,BiPd,101,Catalysis-Hub,False,0.6375001376891873,2.4963552420795287
Mo6Ti6|MoTi|101,Mo6Ti6,MoTi,101,Catalysis-Hub,False,-2.3681947647109496,-2.2914793158846782
Ag6Re6|AgRe|101,Ag6Re6,AgRe,101,Catalysis-Hub,False,-3.588059742587916,-2.785116898644882
Ru6Zn6|RuZn|101,Ru6Zn6,RuZn,101,Catalysis-Hub,False,-3.513138366950102,-2.9346815056797007
Mo6Rh6|MoRh|101,Mo6Rh6,MoRh,101,Catalysis-Hub,False,-2.212116933812524,-1.7608332368942974
Al6Fe6|AlFe|101,Al6Fe6,AlFe,101,Catalysis-Hub,False,-0.1379787235542835,-0.36627319382434614
Au6Zn6|AuZn|101,Au6Zn6,AuZn,101,Catalysis-Hub,False,4.91001516600312,3.2448271401018944
Rh6Tc6|RhTc|101,Rh6Tc6,RhTc,101,Catalysis-Hub,False,-2.6690468178879883,-2.0561105384300897
Fe6Hg6|FeHg|101,Fe6Hg6,FeHg,101,Catalysis-Hub,False,4.368632846682544,1.6374462445363769
Hg6Ti6|HgTi|101,Hg6Ti6,HgTi,101,Catalysis-Hub,False,-1.326300536913493,-1.1654741180713544
Bi6Pd6|BiPd|101,Bi6Pd6,BiPd,101,Catalysis-Hub,False,4.371721882990471,2.4963552420795287
Ga6Hf6|GaHf|101,Ga6Hf6,GaHf,101,Catalysis-Hub,False,-3.568749456200294,-3.6332736484249963
Nb6Pd6|NbPd|101,Nb6Pd6,NbPd,101,Catalysis-Hub,False,-0.5295075430263978,-1.4424019389538507
Ru6Zn6|RuZn|101,Ru6Zn6,RuZn,101,Catalysis-Hub,False,-3.944262471337765,-2.9346815056797007
Al6Cd6|AlCd|101,Al6Cd6,AlCd,101,Catalysis-Hub,False,-2.307936923977934,2.4303465807404523
In6Sn6|InSn|101,In6Sn6,InSn,101,Catalysis-Hub,False,4.317021967379105,0.8627541199085202
Hg6Ti6|HgTi|101,Hg6Ti6,HgTi,101,Catalysis-Hub,False,-3.0743303120154337,-1.1654741180713544
Ga6Sn6|GaSn|101,Ga6Sn6,GaSn,101,Catalysis-Hub,False,0.6547497060984142,1.6695906163893361
Ga6Hf6|GaHf|101,Ga6Hf6,GaHf,101,Catalysis-Hub,False,-3.591545656910853,-3.6332736484249963
Ag6Re6|AgRe|101,Ag6Re6,AgRe,101,Catalysis-Hub,False,-1.0184227765411151,-2.785116898644882
Ru6Zn6|RuZn|101,Ru6Zn6,RuZn,101,Catalysis-Hub,False,-2.2360013175707536,-2.9346815056797007
Mo6Rh6|MoRh|101,Mo6Rh6,MoRh,101,Catalysis-Hub,False,-1.3909191383048665,-1.7608332368942974
Rh6Tc6|RhTc|101,Rh6Tc6,RhTc,101,Catalysis-Hub,False,-0.534965602443549,-2.0561105384300897
In6Sn6|InSn|101,In6Sn6,InSn,101,Catalysis-Hub,False,1.4694975873261455,0.8627541199085202
Cu6Ti6|CuTi|101,Cu6Ti6,CuTi,101,Catalysis-Hub,False,-4.473810832192953,-1.9447149360953848
Ru6Zn6|RuZn|101,Ru6Zn6,RuZn,101,Catalysis-Hub,False,-2.18070710525501,-2.9346815056797007
Tc6Ti6|TcTi|101,Tc6Ti6,TcTi,101,Catalysis-Hub,False,-1.876857718451788,-1.5434432607044974
Mo6Rh6|MoRh|101,Mo6Rh6,MoRh,101,Catalysis-Hub,False,-1.277068068715323,-1.7608332368942974
Au6Zn6|AuZn|101,Au6Zn6,AuZn,101,Catalysis-Hub,False,1.04886442389585,3.2448271401018944
Cr6Sn6|CrSn|101,Cr6Sn6,CrSn,101,Catalysis-Hub,False,2.342072788907558,-0.6445715604546649
Hg6Ti6|HgTi|101,Hg6Ti6,HgTi,101,Catalysis-Hub,False,-0.7308021224095,-1.1654741180713544
Ga6Hf6|GaHf|101,Ga6Hf6,GaHf,101,Catalysis-Hub,False,-3.2801655192448607,-3.6332736484249963
Ag6Re6|AgRe|101,Ag6Re6,AgRe,101,Catalysis-Hub,False,-3.7381229054319647,-2.785116898644882
Al9Ru3|Al3Ru|111,Al9Ru3,Al3Ru,111,Catalysis-Hub,False,1.8949482544303464,0.4716177372824689
Mo6Rh6|MoRh|101,Mo6Rh6,MoRh,101,Catalysis-Hub,False,-2.363779990018145,-1.7608332368942974
Au6Zn6|AuZn|101,Au6Zn6,AuZn,101,Catalysis-Hub,False,4.22349535289942,3.2448271401018944
Rh6Tc6|RhTc|101,Rh6Tc6,RhTc,101,Catalysis-Hub,False,-3.198666335925964,-2.0561105384300897
In6Sn6|InSn|101,In6Sn6,InSn,101,Catalysis-Hub,False,3.996014714204307,0.8627541199085202
Cu6Ti6|CuTi|101,Cu6Ti6,CuTi,101,Catalysis-Hub,False,-0.8569783164410865,-1.9447149360953848
Mn6Zr6|MnZr|101,Mn6Zr6,MnZr,101,Catalysis-Hub,False,-4.468655771417502,-3.6872105057436357
Bi6Pd6|BiPd|101,Bi6Pd6,BiPd,101,Catalysis-Hub,False,0.9047368799426748,2.4963552420795287
Ga6Hf6|GaHf|101,Ga6Hf6,GaHf,101,Catalysis-Hub,False,-2.88754933252892,-3.6332736484249963
Ag6Re6|AgRe|101,Ag6Re6,AgRe,101,Catalysis-Hub,False,-2.237481889178639,-2.785116898644882
Nb6Pd6|NbPd|101,Nb6Pd6,NbPd,101,Catalysis-Hub,False,-3.726143909908842,-1.4424019389538507
Al9Ru3|Al3Ru|111,Al9Ru3,Al3Ru,111,Catalysis-Hub,False,1.0501867609909823,0.4716177372824689
Rh6Tc6|RhTc|101,Rh6Tc6,RhTc,101,Catalysis-Hub,False,-1.981778827876156,-2.0561105384300897
Cr6Sn6|CrSn|101,Cr6Sn6,CrSn,101,Catalysis-Hub,False,1.987655534555529,-0.6445715604546649
Bi6Pd6|BiPd|101,Bi6Pd6,BiPd,101,Catalysis-Hub,False,4.320388831749369,2.4963552420795287
Ga6Hf6|GaHf|101,Ga6Hf6,GaHf,101,Catalysis-Hub,False,-4.863502339350362,-3.6332736484249963
Nb6Pd6|NbPd|101,Nb6Pd6,NbPd,101,Catalysis-Hub,False,-3.920013999411708,-1.4424019389538507
Al9Ru3|Al3Ru|111,Al9Ru3,Al3Ru,111,Catalysis-Hub,False,-0.7543294932693243,0.4716177372824689
Tc6Ti6|TcTi|101,Tc6Ti6,TcTi,101,Catalysis-Hub,False,-3.61602120838336,-1.5434432607044974
Mo6Rh6|MoRh|101,Mo6Rh6,MoRh,101,Catalysis-Hub,False,-1.0952572484171696,-1.7608332368942974
Ga6Hf6|GaHf|101,Ga6Hf6,GaHf,101,Catalysis-Hub,False,-2.6707173250412097,-3.6332736484249963
Ag6Re6|AgRe|101,Ag6Re6,AgRe,101,Catalysis-Hub,False,-2.750797434401079,-2.785116898644882
Au9Ru3|Au3Ru|111,Au9Ru3,Au3Ru,111,Catalysis-Hub,False,0.4988614024005073,-0.9347665045977156
Al9Ru3|Al3Ru|111,Al9Ru3,Al3Ru,111,Catalysis-Hub,False,0.2645176448022539,0.4716177372824689
Al6Cd6|AlCd|101,Al6Cd6,AlCd,101,Catalysis-Hub,False,4.057729588758889,2.4303465807404523
Rh6Tc6|RhTc|101,Rh6Tc6,RhTc,101,Catalysis-Hub,False,-2.2199389819983253,-2.0561105384300897
Hf6W6|HfW|101,Hf6W6,HfW,101,Catalysis-Hub,False,-2.7558492275410345,-1.0021403604426833
Cu6Ti6|CuTi|101,Cu6Ti6,CuTi,101,Catalysis-Hub,False,-4.026270235781453,-1.9447149360953848
Cr6Sn6|CrSn|101,Cr6Sn6,CrSn,101,Catalysis-Hub,False,-0.5182273359334886,-0.6445715604546649
Hg6Ti6|HgTi|101,Hg6Ti6,HgTi,101,Catalysis-Hub,False,-4.4829750817002605,-1.1654741180713544
Cu6Pt6|CuPt|101,Cu6Pt6,CuPt,101,Catalysis-Hub,False,-2.022589100887956,-0.7991321283706646
Bi6Pd6|BiPd|101,Bi6Pd6,BiPd,101,Catalysis-Hub,False,0.356321778896131,2.4963552420795287
Ag6Re6|AgRe|101,Ag6Re6,AgRe,101,Catalysis-Hub,False,-2.7906483700126614,-2.785116898644882
Al9Ru3|Al3Ru|111,Al9Ru3,Al3Ru,111,Catalysis-Hub,False,0.4860225272295793,0.4716177372824689
Tc6Ti6|TcTi|101,Tc6Ti6,TcTi,101,Catalysis-Hub,False,-3.782805222305228,-1.5434432607044974
Au6Zn6|AuZn|101,Au6Zn6,AuZn,101,Catalysis-Hub,False,0.7356227555562782,3.2448271401018944
Rh6Tc6|RhTc|101,Rh6Tc6,RhTc,101,Catalysis-Hub,False,-2.2791407490140614,-2.0561105384300897
In6Sn6|InSn|101,In6Sn6,InSn,101,Catalysis-Hub,False,1.1508222136854442,0.8627541199085202
Cr6Sn6|CrSn|101,Cr6Sn6,CrSn,101,Catalysis-Hub,False,-1.563775100281532,-0.6445715604546649
Hg6Ti6|HgTi|101,Hg6Ti6,HgTi,101,Catalysis-Hub,False,-3.9106263440061184,-1.1654741180713544
Bi6Pd6|BiPd|101,Bi6Pd6,BiPd,101,Catalysis-Hub,False,2.725850717748472,2.4963552420795287
Cu6Sn6|CuSn|101,Cu6Sn6,CuSn,101,Catalysis-Hub,False,1.348701900598826,1.9255442025348681
Al3Sn9|Sn3Al|111,Al3Sn9,Sn3Al,111,Catalysis-Hub,False,4.984421701789813,2.3292249492484283
Cd3In9|In3Cd|111,Cd3In9,In3Cd,111,Catalysis-Hub,False,1.3896132638784024,0.7236422299809439
Sn3Zr9|Zr3Sn|111,Sn3Zr9,Zr3Sn,111,Catalysis-Hub,False,-2.0954022743152905,-2.738330266838862
Pb9W3|Pb3W|111,Pb9W3,Pb3W,111,Catalysis-Hub,False,1.6790106850840516,0.8267425347589981
Au9Ru3|Au3Ru|111,Au9Ru3,Au3Ru,111,Catalysis-Hub,False,-0.3441758417156393,-0.9347665045977156
Hf9Zr3|Hf3Zr|111,Hf9Zr3,Hf3Zr,111,Catalysis-Hub,False,-1.9889445377174864,-3.301012135998439
In3Zn9|Zn3In|111,In3Zn9,Zn3In,111,Catalysis-Hub,False,0.960777908885632,1.0123824370006298
Co9W3|Co3W|111,Co9W3,Co3W,111,Catalysis-Hub,False,-1.0851083545257438,-1.443883212979555
Cr9La3|Cr3La|111,Cr9La3,Cr3La,111,Catalysis-Hub,False,-1.294202260714826,-2.7099846832061223
Al9Ni3|Al3Ni|111,Al9Ni3,Al3Ni,111,Catalysis-Hub,False,3.884373753186935,2.139227268787967
Cu9Os3|Cu3Os|111,Cu9Os3,Cu3Os,111,Catalysis-Hub,False,-0.1510820931944181,-1.0279723856487473
Hf3Ir9|Ir3Hf|111,Hf3Ir9,Ir3Hf,111,Catalysis-Hub,False,-2.1499748408101595,-3.3424425672746993
Au3Cu9|Cu3Au|111,Au3Cu9,Cu3Au,111,Catalysis-Hub,False,2.244373036187256,0.5715156733427352
Cu9Os3|Cu3Os|111,Cu9Os3,Cu3Os,111,Catalysis-Hub,False,-2.230392371398068,-1.0279723856487473
Cu3Ga9|Ga3Cu|111,Cu3Ga9,Ga3Cu,111,Catalysis-Hub,False,3.2101987926606057,0.6456495614475813
Ag9Hg3|Ag3Hg|111,Ag9Hg3,Ag3Hg,111,Catalysis-Hub,False,1.6029597652832877,1.675037286653939
Co6Ga6|CoGa|101,Co6Ga6,CoGa,101,Catalysis-Hub,False,-0.0276587389962514,0.4534377448377834
Au3Mo9|Mo3Au|111,Au3Mo9,Mo3Au,111,Catalysis-Hub,False,-3.895389601806869,-3.103644933428315
Cd3In9|In3Cd|111,Cd3In9,In3Cd,111,Catalysis-Hub,False,4.2835469312693135,0.7236422299809439
Ga6Sn6|GaSn|101,Ga6Sn6,GaSn,101,Catalysis-Hub,False,1.8309398685087217,1.6695906163893361
Ni9Rh3|Ni3Rh|111,Ni9Rh3,Ni3Rh,111,Catalysis-Hub,False,-0.3797637056962912,0.7045287804535615
Pb9W3|Pb3W|111,Pb9W3,Pb3W,111,Catalysis-Hub,False,1.9456003407820504,0.8267425347589981
Au9Ru3|Au3Ru|111,Au9Ru3,Au3Ru,111,Catalysis-Hub,False,0.1372757172783281,-0.9347665045977156
In3Zn9|Zn3In|111,In3Zn9,Zn3In,111,Catalysis-Hub,False,2.7833823863791736,1.0123824370006298
Co9W3|Co3W|111,Co9W3,Co3W,111,Catalysis-Hub,False,-1.6391985259371609,-1.443883212979555
Cr9La3|Cr3La|111,Cr9La3,Cr3La,111,Catalysis-Hub,False,-3.1761317728170866,-2.7099846832061223
Cr6Ga6|CrGa|101,Cr6Ga6,CrGa,101,Catalysis-Hub,False,1.1130177106948622,0.1571898671856869
Sc6W6|ScW|101,Sc6W6,ScW,101,Catalysis-Hub,False,-4.507642201299291,-3.1776851542240516
Fe6Os6|FeOs|101,Fe6Os6,FeOs,101,Catalysis-Hub,False,-0.4068406656006118,-0.3679182555685464
Au3Mo9|Mo3Au|111,Au3Mo9,Mo3Au,111,Catalysis-Hub,False,-3.919485690420572,-3.103644933428315
Ni9Rh3|Ni3Rh|111,Ni9Rh3,Ni3Rh,111,Catalysis-Hub,False,-0.7110379500145996,0.7045287804535615
Sc6W6|ScW|101,Sc6W6,ScW,101,Catalysis-Hub,False,-1.9463064761129656,-3.1776851542240516
Pt3Tl9|Tl3Pt|111,Pt3Tl9,Tl3Pt,111,Catalysis-Hub,False,-0.5363450836678112,1.8964426676742245
Mo3Sn9|Sn3Mo|111,Mo3Sn9,Sn3Mo,111,Catalysis-Hub,False,-3.036456011462405,1.403629374578608
Co6Ga6|CoGa|101,Co6Ga6,CoGa,101,Catalysis-Hub,False,0.5150548968958901,0.4534377448377834
Ga6Sn6|GaSn|101,Ga6Sn6,GaSn,101,Catalysis-Hub,False,0.3957380127030774,1.6695906163893361
Au9Ru3|Au3Ru|111,Au9Ru3,Au3Ru,111,Catalysis-Hub,False,2.580474171976107,-0.9347665045977156
Fe6Ni6|FeNi|101,Fe6Ni6,FeNi,101,Catalysis-Hub,False,0.7425666923008976,0.42655741568034733
Co9W3|Co3W|111,Co9W3,Co3W,111,Catalysis-Hub,False,0.0320284787516129,-1.443883212979555
Cr9La3|Cr3La|111,Cr9La3,Cr3La,111,Catalysis-Hub,False,-3.1856077290145777,-2.7099846832061223
Al9Ni3|Al3Ni|111,Al9Ni3,Al3Ni,111,Catalysis-Hub,False,1.052330337684964,2.139227268787967
Bi3Ru9|Ru3Bi|111,Bi3Ru9,Ru3Bi,111,Catalysis-Hub,False,-2.6402492827822925,-1.7872148273252861
Cr6Ga6|CrGa|101,Cr6Ga6,CrGa,101,Catalysis-Hub,False,1.2839537735500244,0.1571898671856869
Sc6W6|ScW|101,Sc6W6,ScW,101,Catalysis-Hub,False,-4.454367890114725,-3.1776851542240516
Pt3Tl9|Tl3Pt|111,Pt3Tl9,Tl3Pt,111,Catalysis-Hub,False,3.136055390836191,1.8964426676742245
Cu9Os3|Cu3Os|111,Cu9Os3,Cu3Os,111,Catalysis-Hub,False,-1.2830640972809988,-1.0279723856487473
Au3Mo9|Mo3Au|111,Au3Mo9,Mo3Au,111,Catalysis-Hub,False,-3.753878704918293,-3.103644933428315
Ni9Rh3|Ni3Rh|111,Ni9Rh3,Ni3Rh,111,Catalysis-Hub,False,0.7403588970934152,0.7045287804535615
Hf9Zr3|Hf3Zr|111,Hf9Zr3,Hf3Zr,111,Catalysis-Hub,False,-4.744268721821413,-3.301012135998439
Al9Ni3|Al3Ni|111,Al9Ni3,Al3Ni,111,Catalysis-Hub,False,1.5481594394830722,2.139227268787967
Pt3Tl9|Tl3Pt|111,Pt3Tl9,Tl3Pt,111,Catalysis-Hub,False,3.657529453187181,1.8964426676742245
Hf3Ir9|Ir3Hf|111,Hf3Ir9,Ir3Hf,111,Catalysis-Hub,False,-2.995209132000582,-3.3424425672746993
Mo3Sn9|Sn3Mo|111,Mo3Sn9,Sn3Mo,111,Catalysis-Hub,False,4.603426544596459,1.403629374578608
Au3Cu9|Cu3Au|111,Au3Cu9,Cu3Au,111,Catalysis-Hub,False,-1.8709538002597128,0.5715156733427352
Cu9Os3|Cu3Os|111,Cu9Os3,Cu3Os,111,Catalysis-Hub,False,-1.1509375901059116,-1.0279723856487473
Cu3Ga9|Ga3Cu|111,Cu3Ga9,Ga3Cu,111,Catalysis-Hub,False,-1.955933591686744,0.6456495614475813
Al3Sn9|Sn3Al|111,Al3Sn9,Sn3Al,111,Catalysis-Hub,False,0.5357902434862467,2.3292249492484283
Au3Mo9|Mo3Au|111,Au3Mo9,Mo3Au,111,Catalysis-Hub,False,-1.9326588787207013,-3.103644933428315
Cd3In9|In3Cd|111,Cd3In9,In3Cd,111,Catalysis-Hub,False,-1.3404806612754785,0.7236422299809439
Ga6Sn6|GaSn|101,Ga6Sn6,GaSn,101,Catalysis-Hub,False,1.3624665070019546,1.6695906163893361
Ni9Rh3|Ni3Rh|111,Ni9Rh3,Ni3Rh,111,Catalysis-Hub,False,-0.646869017114966,0.7045287804535615
Pb9W3|Pb3W|111,Pb9W3,Pb3W,111,Catalysis-Hub,False,0.3989662353330914,0.8267425347589981
Au9Ru3|Au3Ru|111,Au9Ru3,Au3Ru,111,Catalysis-Hub,False,-2.98539629866832,-0.9347665045977156
Fe6Ni6|FeNi|101,Fe6Ni6,FeNi,101,Catalysis-Hub,False,0.5733195037973928,0.42655741568034733
In3Zn9|Zn3In|111,In3Zn9,Zn3In,111,Catalysis-Hub,False,-2.4140592800697505,1.0123824370006298
Bi3Ru9|Ru3Bi|111,Bi3Ru9,Ru3Bi,111,Catalysis-Hub,False,-0.6987216698388465,-1.7872148273252861
Cr6Ga6|CrGa|101,Cr6Ga6,CrGa,101,Catalysis-Hub,False,-0.6271252533426832,0.1571898671856869
Sc6W6|ScW|101,Sc6W6,ScW,101,Catalysis-Hub,False,-4.881218718809237,-3.1776851542240516
Pt3Tl9|Tl3Pt|111,Pt3Tl9,Tl3Pt,111,Catalysis-Hub,False,-0.0090164920128472,1.8964426676742245
Hf3Ir9|Ir3Hf|111,Hf3Ir9,Ir3Hf,111,Catalysis-Hub,False,-3.673270694505732,-3.3424425672746993
Mo3Sn9|Sn3Mo|111,Mo3Sn9,Sn3Mo,111,Catalysis-Hub,False,0.7415710277911103,1.403629374578608
Au3Cu9|Cu3Au|111,Au3Cu9,Cu3Au,111,Catalysis-Hub,False,-1.2376741480529745,0.5715156733427352
Cu9Os3|Cu3Os|111,Cu9Os3,Cu3Os,111,Catalysis-Hub,False,-1.7267493847004405,-1.0279723856487473
Cu3Ga9|Ga3Cu|111,Cu3Ga9,Ga3Cu,111,Catalysis-Hub,False,-2.268587766395285,0.6456495614475813
Ag9Hg3|Ag3Hg|111,Ag9Hg3,Ag3Hg,111,Catalysis-Hub,False,2.2918469687272136,1.675037286653939
Al3Sn9|Sn3Al|111,Al3Sn9,Sn3Al,111,Catalysis-Hub,False,2.009675122287092,2.3292249492484283
Au3Mo9|Mo3Au|111,Au3Mo9,Mo3Au,111,Catalysis-Hub,False,-3.957858231629132,-3.103644933428315
Cd3In9|In3Cd|111,Cd3In9,In3Cd,111,Catalysis-Hub,False,-1.2124362700797064,0.7236422299809439
Sn3Zr9|Zr3Sn|111,Sn3Zr9,Zr3Sn,111,Catalysis-Hub,False,-4.579021063015375,-2.738330266838862
Ni9Rh3|Ni3Rh|111,Ni9Rh3,Ni3Rh,111,Catalysis-Hub,False,-0.117771413312937,0.7045287804535615
Pb9W3|Pb3W|111,Pb9W3,Pb3W,111,Catalysis-Hub,False,0.4618159605324763,0.8267425347589981
Au9Ru3|Au3Ru|111,Au9Ru3,Au3Ru,111,Catalysis-Hub,False,-3.492795272670264,-0.9347665045977156
In3Zn9|Zn3In|111,In3Zn9,Zn3In,111,Catalysis-Hub,False,-3.424243673978708,1.0123824370006298
Cr6Ga6|CrGa|101,Cr6Ga6,CrGa,101,Catalysis-Hub,False,-0.9092127444838524,0.1571898671856869
Pt3Tl9|Tl3Pt|111,Pt3Tl9,Tl3Pt,111,Catalysis-Hub,False,1.7462660693363432,1.8964426676742245
Mo3Sn9|Sn3Mo|111,Mo3Sn9,Sn3Mo,111,Catalysis-Hub,False,-4.323399771556069,1.403629374578608
Au3Cu9|Cu3Au|111,Au3Cu9,Cu3Au,111,Catalysis-Hub,False,3.6079620128007264,0.5715156733427352
Cu3Ga9|Ga3Cu|111,Cu3Ga9,Ga3Cu,111,Catalysis-Hub,False,4.956563775268023,0.6456495614475813
Ga6Sn6|GaSn|101,Ga6Sn6,GaSn,101,Catalysis-Hub,False,1.7757581753030536,1.6695906163893361
Au9Ru3|Au3Ru|111,Au9Ru3,Au3Ru,111,Catalysis-Hub,False,0.6627151585894353,-0.9347665045977156
Fe6Ni6|FeNi|101,Fe6Ni6,FeNi,101,Catalysis-Hub,False,-0.8289036514033796,0.42655741568034733
In3Zn9|Zn3In|111,In3Zn9,Zn3In,111,Catalysis-Hub,False,4.05212268319201,1.0123824370006298
Co9W3|Co3W|111,Co9W3,Co3W,111,Catalysis-Hub,False,-2.463499779827089,-1.443883212979555
Bi3Ru9|Ru3Bi|111,Bi3Ru9,Ru3Bi,111,Catalysis-Hub,False,-2.5499538837268574,-1.7872148273252861
Pt3Tl9|Tl3Pt|111,Pt3Tl9,Tl3Pt,111,Catalysis-Hub,False,2.84547685954783,1.8964426676742245
Hf3Ir9|Ir3Hf|111,Hf3Ir9,Ir3Hf,111,Catalysis-Hub,False,-4.57159249093786,-3.3424425672746993
Mo3Sn9|Sn3Mo|111,Mo3Sn9,Sn3Mo,111,Catalysis-Hub,False,4.768654611656871,1.403629374578608
Au3Cu9|Cu3Au|111,Au3Cu9,Cu3Au,111,Catalysis-Hub,False,-1.132047447308537,0.5715156733427352
Cu9Os3|Cu3Os|111,Cu9Os3,Cu3Os,111,Catalysis-Hub,False,-0.8612717287838905,-1.0279723856487473
Cu3Ga9|Ga3Cu|111,Cu3Ga9,Ga3Cu,111,Catalysis-Hub,False,0.2400136575762417,0.6456495614475813
Au3Mo9|Mo3Au|111,Au3Mo9,Mo3Au,111,Catalysis-Hub,False,-4.113807625035975,-3.103644933428315
Cd3In9|In3Cd|111,Cd3In9,In3Cd,111,Catalysis-Hub,False,0.8181580118817919,0.7236422299809439
Ni9Rh3|Ni3Rh|111,Ni9Rh3,Ni3Rh,111,Catalysis-Hub,False,1.666219838581469,0.7045287804535615
Pb9W3|Pb3W|111,Pb9W3,Pb3W,111,Catalysis-Hub,False,-0.4076887083118663,0.8267425347589981
Au9Ru3|Au3Ru|111,Au9Ru3,Au3Ru,111,Catalysis-Hub,False,-1.639947927111166,-0.9347665045977156
In3Zn9|Zn3In|111,In3Zn9,Zn3In,111,Catalysis-Hub,False,-0.1041628644142065,1.0123824370006298
Co9W3|Co3W|111,Co9W3,Co3W,111,Catalysis-Hub,False,-3.617460554521928,-1.443883212979555
Bi3Ru9|Ru3Bi|111,Bi3Ru9,Ru3Bi,111,Catalysis-Hub,False,-1.4257707983762202,-1.7872148273252861
Cr6Ga6|CrGa|101,Cr6Ga6,CrGa,101,Catalysis-Hub,False,-0.584435490109513,0.1571898671856869
Au3Cu9|Cu3Au|111,Au3Cu9,Cu3Au,111,Catalysis-Hub,False,-1.8147888236544527,0.5715156733427352
Cu3Ga9|Ga3Cu|111,Cu3Ga9,Ga3Cu,111,Catalysis-Hub,False,-2.2449587611899915,0.6456495614475813
Ag9Hg3|Ag3Hg|111,Ag9Hg3,Ag3Hg,111,Catalysis-Hub,False,1.4204984566841858,1.675037286653939
Ir9Rh3|Ir3Rh|111,Ir9Rh3,Ir3Rh,111,Catalysis-Hub,False,0.1563385161025507,0.0991466670578151
Ta6Ti6|TaTi|101,Ta6Ti6,TaTi,101,Catalysis-Hub,False,-0.975464164856902,-1.436835279315292
Nb6Ta6|NbTa|101,Nb6Ta6,NbTa,101,Catalysis-Hub,False,-0.8410509491577329,-1.399533380118092
Cr9Hf3|Cr3Hf|111,Cr9Hf3,Cr3Hf,111,Catalysis-Hub,False,-3.6528734494195874,-0.9895645619021112
Os9Ru3|Os3Ru|111,Os9Ru3,Os3Ru,111,Catalysis-Hub,False,0.6142539967040648,-0.11997930405651899
Ag6Bi6|AgBi|101,Ag6Bi6,AgBi,101,Catalysis-Hub,False,1.6122788479042356,2.0529048922539
Hf9La3|Hf3La|111,Hf9La3,Hf3La,111,Catalysis-Hub,False,-4.767053357435202,-3.596349637250897
La3Ta9|Ta3La|111,La3Ta9,Ta3La,111,Catalysis-Hub,False,-2.271148765542307,-3.263530452023285
Sc3Ta9|Ta3Sc|111,Sc3Ta9,Ta3Sc,111,Catalysis-Hub,False,-3.5091163885362,-3.2669470171600397
Ta9Zr3|Ta3Zr|111,Ta9Zr3,Ta3Zr,111,Catalysis-Hub,False,-3.454449943356736,-2.789177486218417
Ta9Ti3|Ta3Ti|111,Ta9Ti3,Ta3Ti,111,Catalysis-Hub,False,-3.461515650643264,-2.3354031448804298
Ir9Ni3|Ir3Ni|111,Ir9Ni3,Ir3Ni,111,Catalysis-Hub,False,0.2114663308966555,-0.21074219758453133
Nb6Ta6|NbTa|101,Nb6Ta6,NbTa,101,Catalysis-Hub,False,-0.9523072771580416,-1.399533380118092
Cr9Hf3|Cr3Hf|111,Cr9Hf3,Cr3Hf,111,Catalysis-Hub,False,-1.2785761237158797,-0.9895645619021112
Os9Ru3|Os3Ru|111,Os9Ru3,Os3Ru,111,Catalysis-Hub,False,0.1626680200024566,-0.11997930405651899
La3Sc9|Sc3La|111,La3Sc9,Sc3La,111,Catalysis-Hub,False,-3.85705406801992,-2.3955778188423045
Sc3Zr9|Zr3Sc|111,Sc3Zr9,Zr3Sc,111,Catalysis-Hub,False,-4.079016237822202,-2.189495260178164
Nb9Y3|Nb3Y|111,Nb9Y3,Nb3Y,111,Catalysis-Hub,False,-2.5561061052529794,-3.1445448288430566
La3Nb9|Nb3La|111,La3Nb9,Nb3La,111,Catalysis-Hub,False,-2.041344003037807,-3.14669630080222
Hf3Nb9|Nb3Hf|111,Hf3Nb9,Nb3Hf,111,Catalysis-Hub,False,-1.947916573712007,-1.942336899435365
Nb9Ta3|Nb3Ta|111,Nb9Ta3,Nb3Ta,111,Catalysis-Hub,False,-3.6170089816431528,-1.4193173005149151
V9Y3|V3Y|111,V9Y3,V3Y,111,Catalysis-Hub,False,-2.784400364037424,-1.7159200694384231
Nb3V9|V3Nb|111,Nb3V9,V3Nb,111,Catalysis-Hub,False,-3.601831696151635,-2.6422674409299858
Ir9Ni3|Ir3Ni|111,Ir9Ni3,Ir3Ni,111,Catalysis-Hub,False,-0.5629666607055697,-0.21074219758453133
Nb6Ta6|NbTa|101,Nb6Ta6,NbTa,101,Catalysis-Hub,False,-0.8821665338573155,-1.399533380118092
Cr9Hf3|Cr3Hf|111,Cr9Hf3,Cr3Hf,111,Catalysis-Hub,False,0.2760314614807271,-0.9895645619021112
Os9Ru3|Os3Ru|111,Os9Ru3,Os3Ru,111,Catalysis-Hub,False,-0.5454543664964149,-0.11997930405651899
Hf3Nb9|Nb3Hf|111,Hf3Nb9,Nb3Hf,111,Catalysis-Hub,False,-4.748882548109748,-1.942336899435365
Nb6Ta6|NbTa|101,Nb6Ta6,NbTa,101,Catalysis-Hub,False,-0.9725415261554816,-1.399533380118092
Cr9Hf3|Cr3Hf|111,Cr9Hf3,Cr3Hf,111,Catalysis-Hub,False,0.5701852963678675,-0.9895645619021112
Os9Ru3|Os3Ru|111,Os9Ru3,Os3Ru,111,Catalysis-Hub,False,-0.7293095782006276,-0.11997930405651899
Ag6Bi6|AgBi|101,Ag6Bi6,AgBi,101,Catalysis-Hub,False,2.211011199200584,2.0529048922539
La3Ta9|Ta3La|111,La3Ta9,Ta3La,111,Catalysis-Hub,False,-4.164062288777245,-3.263530452023285
Os9Ru3|Os3Ru|111,Os9Ru3,Os3Ru,111,Catalysis-Hub,False,-0.079204038996977,-0.11997930405651899
Nb9Y3|Nb3Y|111,Nb9Y3,Nb3Y,111,Catalysis-Hub,False,-4.624447474683734,-3.1445448288430566
La3Nb9|Nb3La|111,La3Nb9,Nb3La,111,Catalysis-Hub,False,-4.084059187675052,-3.14669630080222
V9Y3|V3Y|111,V9Y3,V3Y,111,Catalysis-Hub,False,-3.101693807575544,-1.7159200694384231
Cr9Sc3|Cr3Sc|111,Cr9Sc3,Cr3Sc,111,Catalysis-Hub,False,-2.830936048138824,-2.4135777013746154
Ir3Os9|Os3Ir|111,Ir3Os9,Os3Ir,111,Catalysis-Hub,False,0.7205819349983358,0.32037110661769425
La3Ta9|Ta3La|111,La3Ta9,Ta3La,111,Catalysis-Hub,False,-4.900149406399919,-3.263530452023285
